"case_id","family","structure","n_theta","n_obs","balance","regime","status","glmm_status","mm_status","n_eval_glmm","n_eval_mm","eval_ratio","dev_glmm","dev_mm","wall_glmm","wall_mm","per_eval_glmm","per_eval_mm"
"lmm_int1_g300p5_bal_base","gaussian","int1",1,300,"bal","base","ok","ok","ok",17,13,1.30769230769231,677.398905968805,677.398905968805,0.001712481,0.000128172,0.000100734176470588,9.85938461538462e-06
"lmm_int1_g300p5_skew_base","gaussian","int1",1,300,"skew","base","ok","ok","ok",15,18,0.833333333333333,697.029477248438,697.029477248436,0.004150375,9.7169e-05,0.000276691666666667,5.39827777777778e-06
"lmm_int1_g300p5_single_base","gaussian","int1",1,300,"single","base","ok","ok","ok",16,16,1,848.045328315147,848.045328315145,0.000421447,0.000135109,2.63404375e-05,8.4443125e-06
"lmm_int1_g300p5_bal_nearzero","gaussian","int1",1,300,"bal","nearzero","ok","ok","ok",16,18,0.888888888888889,561.902386690172,561.902386690172,0.000324285,9.5205e-05,2.02678125e-05,5.28916666666667e-06
"lmm_int1_g300p5_bal_lowsnr","gaussian","int1",1,300,"bal","lowsnr","ok","ok","ok",16,15,1.06666666666667,1525.83560978075,1525.83560978075,0.00031951,9.7179e-05,1.9969375e-05,6.4786e-06
"lmm_int1_g300p20_bal_base","gaussian","int1",1,300,"bal","base","ok","ok","ok",20,15,1.33333333333333,599.854280670635,599.854280670636,0.000317107,7.5804e-05,1.585535e-05,5.0536e-06
"lmm_int1_g300p20_skew_base","gaussian","int1",1,300,"skew","base","ok","ok","ok",17,24,0.708333333333333,568.762332494805,568.762332494804,0.000296569,9.022e-05,1.74452352941176e-05,3.75916666666667e-06
"lmm_int1_g300p20_single_base","gaussian","int1",1,300,"single","base","ok","ok","ok",18,16,1.125,721.584726695589,721.584726695589,0.000359307,0.000102583,1.99615e-05,6.4114375e-06
"lmm_int1_g300p20_bal_nearzero","gaussian","int1",1,300,"bal","nearzero","ok","ok","ok",16,12,1.33333333333333,534.898820476239,534.89882047624,0.000295016,5.9967e-05,1.84385e-05,4.99725e-06
"lmm_int1_g300p20_bal_lowsnr","gaussian","int1",1,300,"bal","lowsnr","ok","ok","ok",21,20,1.05,1540.08316010441,1540.08316010441,0.000289988,7.599e-05,1.38089523809524e-05,3.7995e-06
"lmm_int1_g3000p5_bal_base","gaussian","int1",1,3000,"bal","base","ok","ok","ok",18,19,0.947368421052632,7148.18606931865,7148.18606931864,0.002470724,0.000386696,0.000137262444444444,2.03524210526316e-05
"lmm_int1_g3000p20_bal_base","gaussian","int1",1,3000,"bal","base","ok","ok","ok",19,25,0.76,6075.01025205071,6075.01025205071,0.002334749,0.000196092,0.000122881526315789,7.84368e-06
"lmm_int1_g3000p100_bal_base","gaussian","int1",1,3000,"bal","base","ok","ok","ok",18,12,1.5,5634.34305789234,5634.34305789234,0.00207669,8.497e-05,0.000115371666666667,7.08083333333333e-06
"lmm_int1_g30000p5_bal_base","gaussian","int1",1,30000,"bal","base","ok","ok","ok",18,13,1.38461538461538,70648.5379053367,70648.5379053366,0.026729005,0.00223802,0.00148494472222222,0.000172155384615385
"lmm_int1_g30000p20_bal_base","gaussian","int1",1,30000,"bal","base","ok","ok","ok",19,17,1.11764705882353,60503.764054143,60503.7640541421,0.021614116,0.0008052,0.00113758505263158,4.73647058823529e-05
"lmm_int1_g30000p100_bal_base","gaussian","int1",1,30000,"bal","base","ok","ok","ok",18,18,1,55842.7902132277,55842.7902132286,0.021974801,0.000252853,0.00122082227777778,1.40473888888889e-05
"lmm_int2x_g300p5_bal_base","gaussian","int2x",2,300,"bal","base","ok","ok","ok",27,29,0.931034482758621,744.856836654221,744.856836654219,0.000754848,0.000632105,2.79573333333333e-05,2.1796724137931e-05
"lmm_int2x_g300p20_bal_base","gaussian","int2x",2,300,"bal","base","ok","ok","ok",36,33,1.09090909090909,642.88725455256,642.887254552559,0.000498585,0.000266745,1.38495833333333e-05,8.08318181818182e-06
"lmm_int2x_g300p20_skew_base","gaussian","int2x",2,300,"skew","base","ok","ok","ok",36,37,0.972972972972973,592.053315518712,592.053315518718,0.000501549,0.000278561,1.39319166666667e-05,7.52867567567568e-06
"lmm_int2x_g300p20_single_base","gaussian","int2x",2,300,"single","base","ok","ok","ok",27,28,0.964285714285714,787.5899981258,787.5899981258,0.000995356,0.000681748,3.6865037037037e-05,2.43481428571429e-05
"lmm_int2x_g300p20_bal_nearzero","gaussian","int2x",2,300,"bal","nearzero","ok","ok","ok",31,33,0.939393939393939,596.7804167271,596.7804167271,0.000466692,0.0002628,1.50545806451613e-05,7.96363636363636e-06
"lmm_int2x_g300p20_bal_lowsnr","gaussian","int2x",2,300,"bal","lowsnr","ok","ok","ok",35,36,0.972222222222222,1505.82747114493,1505.82747114493,0.000455442,0.000270726,1.30126285714286e-05,7.52016666666667e-06
"lmm_int2x_g3000p5_bal_base","gaussian","int2x",2,3000,"bal","base","ok","ok","ok",35,33,1.06060606060606,7347.9540831697,7347.95408316972,0.003644049,0.004275054,0.000104115685714286,0.000129547090909091
"lmm_int2x_g3000p5_skew_base","gaussian","int2x",2,3000,"skew","base","ok","ok","ok",36,42,0.857142857142857,6741.97642539238,6741.97642539246,0.006588849,0.00420422,0.000183023583333333,0.000100100476190476
"lmm_int2x_g3000p5_single_base","gaussian","int2x",2,3000,"single","base","ok","ok","ok",33,43,0.767441860465116,7975.71410297053,7975.71410297051,0.010442395,0.003332482,0.000316436212121212,7.74995813953488e-05
"lmm_int2x_g3000p5_bal_nearzero","gaussian","int2x",2,3000,"bal","nearzero","ok","ok","ok",48,32,1.5,5520.33253070509,5520.33253070507,0.003779175,0.004180733,7.87328125e-05,0.00013064790625
"lmm_int2x_g3000p5_bal_lowsnr","gaussian","int2x",2,3000,"bal","lowsnr","ok","ok","ok",33,40,0.825,15591.4143322073,15591.4143322073,0.003646167,0.005121564,0.000110489909090909,0.0001280391
"lmm_int2x_g3000p20_bal_base","gaussian","int2x",2,3000,"bal","base","ok","ok","ok",41,33,1.24242424242424,6196.87474015281,6196.87474015278,0.003735634,0.001305858,9.11130243902439e-05,3.95714545454545e-05
"lmm_int2x_g3000p20_skew_base","gaussian","int2x",2,3000,"skew","base","ok","ok","ok",35,31,1.12903225806452,5963.57229167906,5963.57229167909,0.004475488,0.001214673,0.000127871085714286,3.9183e-05
"lmm_int2x_g3000p20_single_base","gaussian","int2x",2,3000,"single","base","ok","ok","ok",31,29,1.06896551724138,7207.60862061739,7207.60862061738,0.007620408,0.004740358,0.000245819612903226,0.000163460620689655
"lmm_int2x_g3000p20_bal_nearzero","gaussian","int2x",2,3000,"bal","nearzero","ok","ok","ok",44,40,1.1,5701.08712535745,5701.08712535754,0.003727146,0.00153894,8.47078636363636e-05,3.84735e-05
"lmm_int2x_g3000p20_bal_lowsnr","gaussian","int2x",2,3000,"bal","lowsnr","ok","ok","ok",30,63,0.476190476190476,15391.0265241666,15391.0265241666,0.003694762,0.002394496,0.000123158733333333,3.8007873015873e-05
"lmm_int2x_g3000p100_bal_base","gaussian","int2x",2,3000,"bal","base","ok","ok","ok",54,40,1.35,5773.36020538169,5773.36020538169,0.003177769,0.000426111,5.88475740740741e-05,1.0652775e-05
"lmm_int2x_g30000p5_bal_base","gaussian","int2x",2,30000,"bal","base","ok","ok","ok",55,37,1.48648648648649,71155.2562511991,71155.2562512055,0.034786473,0.0472932,0.000632481327272727,0.00127819459459459
"lmm_int2x_g30000p20_bal_base","gaussian","int2x",2,30000,"bal","base","ok","ok","ok",63,32,1.96875,60599.3712857617,60599.3712857613,0.033094315,0.010251126,0.000525306587301587,0.0003203476875
"lmm_int2x_g30000p100_bal_base","gaussian","int2x",2,30000,"bal","base","ok","ok","ok",44,30,1.46666666666667,56645.3426812428,56645.3426812456,0.033325452,0.002065012,0.000757396636363636,6.88337333333333e-05
"lmm_nest2_g300p5_bal_base","gaussian","nest2",2,300,"bal","base","ok","ok","ok",28,30,0.933333333333333,850.483798861221,850.48379886122,0.000808847,0.000437329,2.88873928571429e-05,1.45776333333333e-05
"lmm_nest2_g300p20_bal_base","gaussian","nest2",2,300,"bal","base","ok","ok","ok",33,31,1.06451612903226,695.656154700775,695.65615470078,0.000545648,0.000275911,1.65347878787879e-05,8.90035483870968e-06
"lmm_nest2_g3000p5_bal_base","gaussian","nest2",2,3000,"bal","base","ok","ok","ok",27,36,0.75,8553.6249336699,8553.62493366989,0.006181919,0.002912544,0.000228959962962963,8.0904e-05
"lmm_nest2_g3000p20_bal_base","gaussian","nest2",2,3000,"bal","base","ok","ok","ok",38,29,1.31034482758621,6846.68694660486,6846.68694660483,0.004175655,0.000817841,0.000109885657894737,2.82014137931035e-05
"lmm_nest2_g3000p20_skew_base","gaussian","nest2",2,3000,"skew","base","ok","ok","ok",32,32,1,6385.08942518419,6385.08942518416,0.003947571,0.000783518,0.00012336159375,2.44849375e-05
"lmm_nest2_g3000p20_single_base","gaussian","nest2",2,3000,"single","base","ok","ok","ok",26,26,1,8341.48199133788,8341.48199133791,0.006713456,0.002158247,0.000258209846153846,8.30095e-05
"lmm_nest2_g3000p20_bal_nearzero","gaussian","nest2",2,3000,"bal","nearzero","ok","ok","ok",31,37,0.837837837837838,6648.10373691043,6648.10373691042,0.004031727,0.001016957,0.000130055709677419,2.74853243243243e-05
"lmm_nest2_g3000p20_bal_lowsnr","gaussian","nest2",2,3000,"bal","lowsnr","ok","ok","ok",28,46,0.608695652173913,15382.753627506,15382.753627506,0.003800724,0.00130916,0.000135740142857143,2.846e-05
"lmm_nest2_g3000p100_bal_base","gaussian","nest2",2,3000,"bal","base","ok","ok","ok",39,30,1.3,5989.71287456436,5989.71287456438,0.003147967,0.000315318,8.07171025641026e-05,1.05106e-05
"lmm_nest2_g3000p100_skew_base","gaussian","nest2",2,3000,"skew","base","ok","ok","ok",35,31,1.12903225806452,5766.7588344954,5766.75883449578,0.003051097,0.000320006,8.71742e-05,1.03227741935484e-05
"lmm_nest2_g3000p100_single_base","gaussian","nest2",2,3000,"single","base","ok","ok","ok",34,29,1.17241379310345,7634.34979239352,7634.34979239345,0.00678725,0.001871977,0.000199625,6.45509310344828e-05
"lmm_nest2_g3000p100_bal_nearzero","gaussian","nest2",2,3000,"bal","nearzero","ok","ok","ok",29,34,0.852941176470588,5792.5436415646,5792.54364156462,0.002996581,0.000341634,0.000103330379310345,1.00480588235294e-05
"lmm_nest2_g3000p100_bal_lowsnr","gaussian","nest2",2,3000,"bal","lowsnr","ok","ok","ok",32,38,0.842105263157895,15394.7938229272,15394.7938229272,0.0029878,0.000379676,9.336875e-05,9.99147368421053e-06
"lmm_nest2_g30000p5_bal_base","gaussian","nest2",2,30000,"bal","base","ok","ok","ok",25,29,0.862068965517241,85033.3094782916,85033.3094782962,0.059235435,0.022080169,0.0023694174,0.000761385137931034
"lmm_nest2_g30000p5_skew_base","gaussian","nest2",2,30000,"skew","base","ok","ok","ok",30,34,0.882352941176471,73504.159858729,73504.1598587277,0.05920692,0.015111792,0.001973564,0.000444464470588235
"lmm_nest2_g30000p5_single_base","gaussian","nest2",2,30000,"single","base","ok","ok","ok",27,30,0.9,94103.4696700448,94103.469670051,0.091240198,0.037696438,0.00337926659259259,0.00125654793333333
"lmm_nest2_g30000p5_bal_nearzero","gaussian","nest2",2,30000,"bal","nearzero","ok","ok","ok",36,32,1.125,76553.7124270934,76553.7124270924,0.069675146,0.025898227,0.00193542072222222,0.00080931959375
"lmm_nest2_g30000p5_bal_lowsnr","gaussian","nest2",2,30000,"bal","lowsnr","ok","ok","ok",38,41,0.926829268292683,156044.46256184,156044.462561841,0.070775765,0.030667253,0.00186252013157895,0.000747981780487805
"lmm_nest2_g30000p20_bal_base","gaussian","nest2",2,30000,"bal","base","ok","ok","ok",35,36,0.972222222222222,67867.3860088003,67867.3860088019,0.040216222,0.007785811,0.00114903491428571,0.000216272527777778
"lmm_nest2_g30000p100_bal_base","gaussian","nest2",2,30000,"bal","base","ok","ok","ok",33,29,1.13793103448276,58998.1462761289,58998.1462761296,0.032068263,0.001474176,0.000971765545454545,5.08336551724138e-05
"lmm_q2s_g300p5_bal_base","gaussian","q2s",3,300,"bal","base","ok","ok","ok",46,45,1.02222222222222,827.316185749503,827.316185749503,0.000792747,0.00156713,1.72336304347826e-05,3.48251111111111e-05
"lmm_q2s_g300p20_bal_base","gaussian","q2s",3,300,"bal","base","ok","ok","ok",45,48,0.9375,704.620986451579,704.620986451579,0.00050305,0.000610013,1.11788888888889e-05,1.27086041666667e-05
"lmm_q2s_g3000p5_bal_base","gaussian","q2s",3,3000,"bal","base","ok","ok","ok",49,34,1.44117647058824,8342.97788307731,8342.97788307788,0.005486756,0.010354373,0.000111974612244898,0.000304540382352941
"lmm_q2s_g3000p20_bal_base","gaussian","q2s",3,3000,"bal","base","ok","ok","ok",45,70,0.642857142857143,6621.20489274585,6621.20489274586,0.003158232,0.005470971,7.01829333333333e-05,7.81567285714286e-05
"lmm_q2s_g3000p100_bal_base","gaussian","q2s",3,3000,"bal","base","ok","ok","ok",62,73,0.849315068493151,5700.05417378926,5700.05417378926,0.002458249,0.001422973,3.96491774193548e-05,1.94927808219178e-05
"lmm_q2s_g30000p5_bal_base","gaussian","q2s",3,30000,"bal","base","ok","ok","ok",47,38,1.23684210526316,83784.1358205259,83784.1358205546,0.051360683,0.113669624,0.0010927804893617,0.00299130589473684
"lmm_q2s_g30000p5_skew_base","gaussian","q2s",3,30000,"skew","base","ok","ok","ok",48,56,0.857142857142857,72084.4592009486,72084.4592009485,0.050736242,0.128254948,0.00105700504166667,0.00229026692857143
"lmm_q2s_g30000p5_single_base","gaussian","q2s",3,30000,"single","base","ok","ok","ok",44,44,1,93936.0762567152,93936.0762567158,0.079048858,0.263054478,0.00179656495454545,0.00597851086363636
"lmm_q2s_g30000p5_bal_nearzero","gaussian","q2s",3,30000,"bal","nearzero","ok","ok","ok",44,64,0.6875,71222.146285725,71222.1462857238,0.050344262,0.189068728,0.00114418777272727,0.002954198875
"lmm_q2s_g30000p5_bal_highcorr","gaussian","q2s",3,30000,"bal","highcorr","ok","ok","ok",49,52,0.942307692307692,77349.3896246976,77349.3896246997,0.052878126,0.154671407,0.00107914542857143,0.00297445013461538
"lmm_q2s_g30000p5_bal_lowsnr","gaussian","q2s",3,30000,"bal","lowsnr","ok","ok","ok",41,48,0.854166666666667,155551.355496197,155551.355496197,0.048797325,0.143884566,0.00119017865853659,0.002997595125
"lmm_q2s_g30000p20_bal_base","gaussian","q2s",3,30000,"bal","base","ok","ok","ok",57,41,1.39024390243902,66535.089710984,66535.0897109876,0.031320129,0.030966095,0.000549475947368421,0.000755270609756098
"lmm_q2s_g30000p20_skew_base","gaussian","q2s",3,30000,"skew","base","ok","ok","ok",55,48,1.14583333333333,62782.1336491129,62782.1336491133,0.03243743,0.035798603,0.000589771454545455,0.000745804229166667
"lmm_q2s_g30000p20_single_base","gaussian","q2s",3,30000,"single","base","ok","ok","ok",39,46,0.847826086956522,81310.041536956,81310.0415369567,0.053155026,0.171896021,0.00136294938461538,0.00373687002173913
"lmm_q2s_g30000p20_bal_nearzero","gaussian","q2s",3,30000,"bal","nearzero","ok","ok","ok",59,90,0.655555555555556,60515.4348241838,60515.4348241365,0.031266917,0.06740344,0.000529947745762712,0.000748927111111111
"lmm_q2s_g30000p20_bal_highcorr","gaussian","q2s",3,30000,"bal","highcorr","ok","ok","ok",50,68,0.735294117647059,63560.9551683266,63560.9551683248,0.030511496,0.05068492,0.00061022992,0.000745366470588235
"lmm_q2s_g30000p20_bal_lowsnr","gaussian","q2s",3,30000,"bal","lowsnr","ok","ok","ok",47,59,0.796610169491525,154251.858385608,154251.858385608,0.029770939,0.043963166,0.000633424234042553,0.000745138406779661
"lmm_q2s_g30000p100_bal_base","gaussian","q2s",3,30000,"bal","base","ok","ok","ok",62,70,0.885714285714286,57286.0350220941,57286.0350220928,0.025289199,0.010748791,0.000407890306451613,0.000153554157142857
"lmm_q2s_g30000p100_skew_base","gaussian","q2s",3,30000,"skew","base","ok","ok","ok",55,82,0.670731707317073,57604.2347224175,57604.234722418,0.023801642,0.012502507,0.000432757127272727,0.000152469597560976
"lmm_q2s_g30000p100_single_base","gaussian","q2s",3,30000,"single","base","ok","ok","ok",43,43,1,74674.3896603453,74674.3896603442,0.051596611,0.13497779,0.00119992118604651,0.00313901837209302
"lmm_q2s_g30000p100_bal_nearzero","gaussian","q2s",3,30000,"bal","nearzero","ok","ok","ok",78,56,1.39285714285714,56372.341666652,56372.3416666882,0.025989059,0.008556552,0.000333193064102564,0.000152795571428571
"lmm_q2s_g30000p100_bal_highcorr","gaussian","q2s",3,30000,"bal","highcorr","ok","ok","ok",66,71,0.929577464788732,57225.4929705369,57225.4929705512,0.025456054,0.010902259,0.000385697787878788,0.000153552943661972
"lmm_q2s_g30000p100_bal_lowsnr","gaussian","q2s",3,30000,"bal","lowsnr","ok","ok","ok",64,64,1,152080.199764027,152080.199764027,0.025335278,0.009866183,0.00039586371875,0.000154159109375
"lmm_nest3_g300p5_bal_base","gaussian","nest3",3,300,"bal","base","ok","ok","ok",36,41,0.878048780487805,988.246202782555,988.246202782556,0.039439889,0.074347577,0.00109555247222222,0.00181335553658537
"lmm_nest3_g300p20_bal_base","gaussian","nest3",3,300,"bal","base","ok","ok","ok",48,48,1,778.584313667207,778.584313667215,0.008129233,0.005056042,0.000169359020833333,0.000105334208333333
"lmm_nest3_g3000p5_bal_base","gaussian","nest3",3,3000,"bal","base","ok","ok","timeout",41,0,NA,9615.27483451162,NA,0.04027362,60,0.000982283414634146,60
"lmm_nest3_g3000p20_bal_base","gaussian","nest3",3,3000,"bal","base","ok","ok","ok",53,38,1.39473684210526,7867.32221571629,7867.32221571627,0.024586766,2.223587393,0.000463901245283019,0.0585154577105263
"lmm_nest3_g3000p100_bal_base","gaussian","nest3",3,3000,"bal","base","ok","ok","ok",50,62,0.806451612903226,6364.78443742921,6364.78443742949,0.047489671,0.037227237,0.00094979342,0.000600439306451613
"lmm_nest3_g30000p5_bal_base","gaussian","nest3",3,30000,"bal","base","ok","ok","timeout",44,0,NA,96527.1815662791,NA,0.441349868,60,0.0100306788181818,60
"lmm_nest3_g30000p20_bal_base","gaussian","nest3",3,30000,"bal","base","ok","ok","timeout",48,0,NA,79312.4949888821,NA,0.232741352,60,0.00484877816666667,60
"lmm_nest3_g30000p100_bal_base","gaussian","nest3",3,30000,"bal","base","ok","ok","ok",52,55,0.945454545454545,63870.1582718988,63870.1582719299,0.090568946,26.7994674,0.0017417105,0.487263043636364
"lmm_nest3_g30000p100_skew_base","gaussian","nest3",3,30000,"skew","base","ok","ok","ok",52,62,0.838709677419355,61341.3067861237,61341.3067861302,0.086772739,28.959959404,0.00166870651923077,0.467096119419355
"lmm_nest3_g30000p100_single_base","gaussian","nest3",3,30000,"single","base","ok","ok","timeout",43,0,NA,82788.9727309684,NA,0.609758498,60,0.0141804301860465,60
"lmm_nest3_g30000p100_bal_nearzero","gaussian","nest3",3,30000,"bal","nearzero","ok","ok","ok",70,64,1.09375,62889.2331094898,62889.2331094877,0.103353815,31.443589405,0.00147648307142857,0.491306084453125
"lmm_nest3_g30000p100_bal_lowsnr","gaussian","nest3",3,30000,"bal","lowsnr","ok","ok","ok",53,56,0.946428571428571,154028.708255865,154028.708255869,0.09099694,27.275928941,0.00171692339622642,0.487070159660714
"lmm_nestmix_g300p5_bal_base","gaussian","nestmix",3,300,"bal","base","ok","ok","ok",35,46,0.760869565217391,934.780261524871,934.780261525217,0.002390308,0.003658641,6.82945142857143e-05,7.95356739130435e-05
"lmm_nestmix_g300p5_skew_base","gaussian","nestmix",3,300,"skew","base","ok","ok","ok",44,41,1.07317073170732,790.680184948157,790.680184948174,0.001666889,0.001195323,3.78838409090909e-05,2.91542195121951e-05
"lmm_nestmix_g300p5_single_base","gaussian","nestmix",3,300,"single","base","ok","ok","ok",53,38,1.39473684210526,1021.56215726564,1021.56215726578,0.005724184,0.026559361,0.000108003471698113,0.000698930552631579
"lmm_nestmix_g300p5_bal_nearzero","gaussian","nestmix",3,300,"bal","nearzero","ok","ok","ok",45,44,1.02272727272727,843.506718562679,843.506718562679,0.002777305,0.003573511,6.17178888888889e-05,8.12161590909091e-05
"lmm_nestmix_g300p5_bal_lowsnr","gaussian","nestmix",3,300,"bal","lowsnr","ok","ok","ok",54,49,1.10204081632653,1523.98325407249,1523.9832540725,0.003205459,0.003986437,5.93603518518518e-05,8.13558571428571e-05
"lmm_nestmix_g300p20_bal_base","gaussian","nestmix",3,300,"bal","base","ok","ok","ok",87,38,2.28947368421053,722.04575733111,722.045757391628,0.001111801,0.000591139,1.27793218390805e-05,1.55562894736842e-05
"lmm_nestmix_g300p20_skew_base","gaussian","nestmix",3,300,"skew","base","ok","ok","ok",62,52,1.19230769230769,680.415570328003,680.415570328008,0.000913963,0.000768153,1.47413387096774e-05,1.47721730769231e-05
"lmm_nestmix_g300p20_single_base","gaussian","nestmix",3,300,"single","base","ok","ok","ok",43,43,1,910.039076571926,910.039076571927,0.003175118,0.003738665,7.38399534883721e-05,8.69456976744186e-05
"lmm_nestmix_g300p20_bal_nearzero","gaussian","nestmix",3,300,"bal","nearzero","ok","ok","ok",39,46,0.847826086956522,664.728356192179,664.728356192561,0.000765585,0.000714279,1.96303846153846e-05,1.55278043478261e-05
"lmm_nestmix_g300p20_bal_lowsnr","gaussian","nestmix",3,300,"bal","lowsnr","ok","ok","ok",55,57,0.964912280701754,1581.58358393964,1581.58358393964,0.000869094,0.000841463,1.58017090909091e-05,1.47625087719298e-05
"lmm_nestmix_g3000p5_bal_base","gaussian","nestmix",3,3000,"bal","base","ok","ok","ok",52,49,1.06122448979592,8667.08794450032,8667.08794450117,0.02652974,0.142258043,0.000510187307692308,0.00290322536734694
"lmm_nestmix_g3000p20_bal_base","gaussian","nestmix",3,3000,"bal","base","ok","ok","ok",61,52,1.17307692307692,6976.4756145306,6976.47561453168,0.011178992,0.007579659,0.000183262163934426,0.000145762673076923
"lmm_nestmix_g3000p100_bal_base","gaussian","nestmix",3,3000,"bal","base","ok","ok","ok",68,63,1.07936507936508,5975.66061214378,5975.6606121438,0.004913931,0.001637779,7.22636911764706e-05,2.59964920634921e-05
"lmm_nestmix_g30000p5_bal_base","gaussian","nestmix",3,30000,"bal","base","ok","ok","ok",61,66,0.924242424242424,85475.1555967525,85475.1555967569,0.316619914,15.424220453,0.00519049039344262,0.233700309893939
"lmm_nestmix_g30000p20_bal_base","gaussian","nestmix",3,30000,"bal","base","ok","ok","ok",84,68,1.23529411764706,68604.9511657513,68604.9511657557,0.132523234,0.096167904,0.00157765754761905,0.00141423388235294
"lmm_nestmix_g30000p100_bal_base","gaussian","nestmix",3,30000,"bal","base","ok","ok","ok",92,76,1.21052631578947,58980.2930558642,58980.2930558709,0.062175322,0.021158459,0.000675818717391304,0.000278400776315789
"lmm_cross4_g300p5_bal_base","gaussian","cross4",4,300,"bal","base","ok","ok","ok",65,46,1.41304347826087,877.45015698377,877.450156984364,0.018431139,0.004467231,0.000283555984615385,9.71137173913044e-05
"lmm_cross4_g300p20_bal_base","gaussian","cross4",4,300,"bal","base","ok","ok","ok",61,90,0.677777777777778,635.784056462671,635.78405655911,0.000959808,0.001845699,1.57345573770492e-05,2.05077666666667e-05
"lmm_cross4_g300p20_skew_base","gaussian","cross4",4,300,"skew","base","ok","ok","ok",85,97,0.876288659793814,661.731589274624,661.731589277319,0.001153488,0.001953514,1.35704470588235e-05,2.01393195876289e-05
"lmm_cross4_g300p20_single_base","gaussian","cross4",4,300,"single","base","ok","ok","ok",47,63,0.746031746031746,907.890721952147,907.890721952161,0.015199015,0.00693833,0.00032338329787234,0.000110132222222222
"lmm_cross4_g300p20_bal_nearzero","gaussian","cross4",4,300,"bal","nearzero","ok","ok","ok",104,103,1.00970873786408,630.404751520739,630.40475152606,0.001195486,0.00209262,1.14950576923077e-05,2.03166990291262e-05
"lmm_cross4_g300p20_bal_lowsnr","gaussian","cross4",4,300,"bal","lowsnr","ok","ok","ok",61,73,0.835616438356164,1569.27471249361,1569.27471249363,0.000894978,0.001488419,1.46717704918033e-05,2.0389301369863e-05
"lmm_cross4_g3000p5_bal_base","gaussian","cross4",4,3000,"bal","base","ok","ok","ok",77,74,1.04054054054054,7465.81538930879,7465.81538930884,0.016272915,0.044113655,0.000211336558441558,0.000596130472972973
"lmm_cross4_g3000p5_skew_base","gaussian","cross4",4,3000,"skew","base","ok","ok","ok",112,84,1.33333333333333,7020.47562423106,7020.47562423254,0.067173757,0.039261501,0.0005997656875,0.000467398821428571
"lmm_cross4_g3000p5_single_base","gaussian","cross4",4,3000,"single","base","ok","ok","ok",90,68,1.32352941176471,8214.82148352475,8214.82148352607,0.098038209,0.214899116,0.00108931343333333,0.00316028111764706
"lmm_cross4_g3000p5_bal_nearzero","gaussian","cross4",4,3000,"bal","nearzero","ok","ok","ok",91,89,1.02247191011236,5842.13963397212,5842.13963412316,0.030769447,0.052995711,0.000338125791208791,0.000595457426966292
"lmm_cross4_g3000p5_bal_lowsnr","gaussian","cross4",4,3000,"bal","lowsnr","ok","ok","ok",64,96,0.666666666666667,15602.9085235644,15602.9085237014,0.022336395,0.057005113,0.000349006171875,0.000593803260416667
"lmm_cross4_g3000p20_bal_base","gaussian","cross4",4,3000,"bal","base","ok","ok","ok",92,93,0.989247311827957,6443.00931586725,6443.00931587035,0.030711584,0.016723488,0.000333821565217391,0.000179822451612903
"lmm_cross4_g3000p20_skew_base","gaussian","cross4",4,3000,"skew","base","ok","ok","ok",78,91,0.857142857142857,6407.25895265699,6407.2589526606,0.032772617,0.016322973,0.000420161756410256,0.00017937332967033
"lmm_cross4_g3000p20_single_base","gaussian","cross4",4,3000,"single","base","ok","ok","ok",156,99,1.57575757575758,7525.01087797092,7525.01087797174,0.120331006,0.073276745,0.000771352602564103,0.000740169141414141
"lmm_cross4_g3000p20_bal_nearzero","gaussian","cross4",4,3000,"bal","nearzero","ok","ok","ok",69,96,0.71875,5816.86307939304,5816.86307939307,0.022749695,0.017438354,0.000329705724637681,0.000181649520833333
"lmm_cross4_g3000p20_bal_lowsnr","gaussian","cross4",4,3000,"bal","lowsnr","ok","ok","ok",103,78,1.32051282051282,15500.8891075536,15500.8891075536,0.03378357,0.014040333,0.000327995825242718,0.000180004269230769
"lmm_cross4_g3000p100_bal_base","gaussian","cross4",4,3000,"bal","base","ok","ok","ok",70,78,0.897435897435897,5773.24049161927,5773.24049161933,0.006054385,0.002740751,8.64912142857143e-05,3.51378333333333e-05
"lmm_cross4_g30000p5_bal_base","gaussian","cross4",4,30000,"bal","base","ok","ok","ok",298,142,2.09859154929577,71434.8075264804,71434.8075265021,0.148993896,0.878911619,0.000499979516778523,0.00618951844366197
"lmm_cross4_g30000p20_bal_base","gaussian","cross4",4,30000,"bal","base","ok","ok","ok",137,165,0.83030303030303,60961.1960155019,60961.1960155122,0.091668079,0.2384959,0.000669110065693431,0.0014454296969697
"lmm_cross4_g30000p100_bal_base","gaussian","cross4",4,30000,"bal","base","ok","ok","ok",185,149,1.24161073825503,56490.4867610313,56490.4867611541,0.106277984,0.046502242,0.000574475589189189,0.000312095583892617
"lmm_nest2s_g300p5_bal_base","gaussian","nest2s",4,300,"bal","base","ok","ok","ok",61,53,1.15094339622642,957.601170569147,957.601170570305,0.001773433,0.003612593,2.90726721311475e-05,6.81621320754717e-05
"lmm_nest2s_g300p20_bal_base","gaussian","nest2s",4,300,"bal","base","ok","ok","ok",88,66,1.33333333333333,751.177672674739,751.177672675297,0.001052758,0.001592757,1.19631590909091e-05,2.41326818181818e-05
"lmm_nest2s_g3000p5_bal_base","gaussian","nest2s",4,3000,"bal","base","ok","ok","ok",60,57,1.05263157894737,9489.15371696998,9489.15371697001,0.013551062,0.034258267,0.000225851033333333,0.000601022228070175
"lmm_nest2s_g3000p20_bal_base","gaussian","nest2s",4,3000,"bal","base","ok","ok","ok",63,70,0.9,7333.77913900033,7333.77913900035,0.005978383,0.011666603,9.48949682539683e-05,0.000166665757142857
"lmm_nest2s_g3000p20_skew_base","gaussian","nest2s",4,3000,"skew","base","ok","ok","ok",74,85,0.870588235294118,6741.06512381006,6741.06512381795,0.00657338,0.013065698,8.88294594594595e-05,0.000153714094117647
"lmm_nest2s_g3000p20_single_base","gaussian","nest2s",4,3000,"single","base","ok","ok","ok",56,60,0.933333333333333,9087.54704218229,9087.54704218226,0.015386065,2.398449166,0.000274751160714286,0.0399741527666667
"lmm_nest2s_g3000p20_bal_nearzero","gaussian","nest2s",4,3000,"bal","nearzero","ok","ok","ok",88,63,1.3968253968254,6726.30492945832,6726.30492946277,0.007045778,0.010503297,8.00656590909091e-05,0.000166719
"lmm_nest2s_g3000p20_bal_highcorr","gaussian","nest2s",4,3000,"bal","highcorr","ok","ok","ok",78,95,0.821052631578947,7204.58971278068,7204.58971278744,0.00662307,0.015766823,8.49111538461538e-05,0.000165966557894737
"lmm_nest2s_g3000p20_bal_lowsnr","gaussian","nest2s",4,3000,"bal","lowsnr","ok","ok","ok",54,63,0.857142857142857,15290.2197264156,15290.2197264157,0.005514293,0.01049004,0.000102116537037037,0.000166508571428571
"lmm_nest2s_g3000p100_bal_base","gaussian","nest2s",4,3000,"bal","base","ok","ok","ok",90,119,0.756302521008403,5770.62966300435,5770.62966300508,0.003904061,0.004721931,4.33784555555556e-05,3.96800924369748e-05
"lmm_nest2s_g3000p100_skew_base","gaussian","nest2s",4,3000,"skew","base","ok","ok","ok",77,83,0.927710843373494,5808.7317180753,5808.73171807653,0.003741668,0.003293117,4.85930909090909e-05,3.96761084337349e-05
"lmm_nest2s_g3000p100_single_base","gaussian","nest2s",4,3000,"single","base","ok","ok","ok",56,70,0.8,8100.21752574884,8100.21752574894,0.013164026,1.362780416,0.000235071892857143,0.0194682916571429
"lmm_nest2s_g3000p100_bal_nearzero","gaussian","nest2s",4,3000,"bal","nearzero","ok","ok","ok",119,114,1.04385964912281,5886.1603890498,5886.16038905157,0.004301516,0.004484953,3.61471932773109e-05,3.93416929824561e-05
"lmm_nest2s_g3000p100_bal_highcorr","gaussian","nest2s",4,3000,"bal","highcorr","ok","ok","ok",97,102,0.950980392156863,5904.07549785862,5904.07549786019,0.003959437,0.004011456,4.08189381443299e-05,3.9328e-05
"lmm_nest2s_g3000p100_bal_lowsnr","gaussian","nest2s",4,3000,"bal","lowsnr","ok","ok","ok",98,113,0.867256637168142,15398.1618665415,15398.1618665415,0.003921233,0.004472832,4.00125816326531e-05,3.95825840707965e-05
"lmm_nest2s_g30000p5_bal_base","gaussian","nest2s",4,30000,"bal","base","ok","ok","ok",64,55,1.16363636363636,95844.7680050555,95844.7680050553,0.140739684,0.327634288,0.0021990575625,0.00595698705454545
"lmm_nest2s_g30000p5_skew_base","gaussian","nest2s",4,30000,"skew","base","ok","ok","timeout",57,0,NA,80299.4841923433,NA,0.109747121,60,0.0019253880877193,60
"lmm_nest2s_g30000p5_single_base","gaussian","nest2s",4,30000,"single","base","ok","ok","timeout",64,0,NA,105162.341988657,NA,0.250781364,60,0.0039184588125,60
"lmm_nest2s_g30000p5_bal_nearzero","gaussian","nest2s",4,30000,"bal","nearzero","ok","ok","ok",72,73,0.986301369863014,85485.8470344349,85485.8470344351,0.153983068,0.436293556,0.00213865372222222,0.00597662405479452
"lmm_nest2s_g30000p5_bal_highcorr","gaussian","nest2s",4,30000,"bal","highcorr","ok","ok","ok",61,75,0.813333333333333,92265.2932087013,92265.2932086993,0.136015957,0.446679968,0.00222976978688525,0.00595573290666667
"lmm_nest2s_g30000p5_bal_lowsnr","gaussian","nest2s",4,30000,"bal","lowsnr","ok","ok","ok",77,54,1.42592592592593,157190.26423469,157190.26423487,0.16230109,0.335723262,0.00210780636363636,0.00621709744444445
"lmm_nest2s_g30000p20_bal_base","gaussian","nest2s",4,30000,"bal","base","ok","ok","ok",72,72,1,73806.5657097856,73806.5657099126,0.062206464,0.11540553,0.000863978666666667,0.00160285458333333
"lmm_nest2s_g30000p100_bal_base","gaussian","nest2s",4,30000,"bal","base","ok","ok","ok",79,96,0.822916666666667,60592.0622228181,60592.0622229944,0.037123659,0.031392519,0.000469919734177215,0.00032700540625
"lmm_q2sx2_g300p5_bal_base","gaussian","q2sx2",5,300,"bal","base","ok","ok","ok",81,73,1.10958904109589,961.684253667061,961.68425366706,0.007483716,0.010779083,9.23915555555556e-05,0.000147658671232877
"lmm_q2sx2_g300p20_bal_base","gaussian","q2sx2",5,300,"bal","base","ok","ok","ok",100,103,0.970873786407767,675.179747943842,675.179747944168,0.001473271,0.003111357,1.473271e-05,3.02073495145631e-05
"lmm_q2sx2_g3000p5_bal_base","gaussian","q2sx2",5,3000,"bal","base","ok","ok","ok",114,91,1.25274725274725,8596.19313834441,8596.19313835362,0.083975047,0.116460635,0.000736623219298246,0.0012797871978022
"lmm_q2sx2_g3000p20_bal_base","gaussian","q2sx2",5,3000,"bal","base","ok","ok","ok",134,115,1.16521739130435,6800.27102873044,6800.27102873587,0.028613777,0.038005359,0.000213535649253731,0.000330481382608696
"lmm_q2sx2_g3000p100_bal_base","gaussian","q2sx2",5,3000,"bal","base","ok","ok","ok",102,118,0.864406779661017,5893.18425885335,5893.1842588544,0.006594594,0.006801374,6.46528823529412e-05,5.76387627118644e-05
"lmm_q2sx2_g30000p5_bal_base","gaussian","q2sx2",5,30000,"bal","base","ok","ok","ok",156,157,0.993630573248408,83623.9290777364,83623.929078847,1.124275771,2.104635937,0.00720689596794872,0.0134053244394904
"lmm_q2sx2_g30000p5_skew_base","gaussian","q2sx2",5,30000,"skew","base","ok","ok","ok",212,150,1.41333333333333,72591.3310112478,72591.3310113435,1.185089774,1.536864311,0.00559004610377358,0.0102457620733333
"lmm_q2sx2_g30000p5_single_base","gaussian","q2sx2",5,30000,"single","base","ok","ok","ok",190,139,1.36690647482014,93976.6578440079,93976.6578443933,2.852725953,1.894217191,0.0150143471210526,0.0136274618057554
"lmm_q2sx2_g30000p5_bal_nearzero","gaussian","q2sx2",5,30000,"bal","nearzero","ok","ok","ok",264,192,1.375,71179.6961559554,71179.6961560959,1.853628759,2.570500287,0.00702132105681818,0.013388022328125
"lmm_q2sx2_g30000p5_bal_highcorr","gaussian","q2sx2",5,30000,"bal","highcorr","ok","ok","ok",184,182,1.01098901098901,77048.4794407039,77048.4794411584,1.307022591,2.43493183,0.00710338364673913,0.0133787463186813
"lmm_q2sx2_g30000p5_bal_lowsnr","gaussian","q2sx2",5,30000,"bal","lowsnr","ok","ok","ok",262,182,1.43956043956044,155583.821364671,155583.82136467,1.834885301,2.434265392,0.00700337901145038,0.0133750845714286
"lmm_q2sx2_g30000p20_bal_base","gaussian","q2sx2",5,30000,"bal","base","ok","ok","ok",283,180,1.57222222222222,66457.7925593646,66457.7925594173,0.521669723,0.573299925,0.00184335591166078,0.00318499958333333
"lmm_q2sx2_g30000p20_skew_base","gaussian","q2sx2",5,30000,"skew","base","ok","ok","ok",226,167,1.35329341317365,63555.6450782854,63555.6450791926,0.425420077,0.529523148,0.00188238972123894,0.00317079729341317
"lmm_q2sx2_g30000p20_single_base","gaussian","q2sx2",5,30000,"single","base","ok","ok","ok",244,150,1.62666666666667,82344.2862174148,82344.2862175035,2.167745778,2.517684874,0.00888420400819672,0.0167845658266667
"lmm_q2sx2_g30000p20_bal_nearzero","gaussian","q2sx2",5,30000,"bal","nearzero","ok","ok","ok",396,221,1.79185520361991,61093.1285927491,61093.1285927753,0.707327604,0.70278149,0.00178618081818182,0.00318000674208145
"lmm_q2sx2_g30000p20_bal_highcorr","gaussian","q2sx2",5,30000,"bal","highcorr","ok","ok","ok",255,213,1.19718309859155,64292.9606130088,64292.9606131673,0.474537521,0.676567451,0.00186093145490196,0.00317637300938967
"lmm_q2sx2_g30000p20_bal_lowsnr","gaussian","q2sx2",5,30000,"bal","lowsnr","ok","ok","ok",194,192,1.01041666666667,154521.918771341,154521.918771353,0.371866811,0.610433396,0.00191683923195876,0.00317934060416667
"lmm_q2sx2_g30000p100_bal_base","gaussian","q2sx2",5,30000,"bal","base","ok","ok","ok",187,186,1.00537634408602,58077.7935304247,58077.7935304292,0.109805756,0.119882632,0.000587196556149733,0.000644530279569892
"lmm_q2sx2_g30000p100_skew_base","gaussian","q2sx2",5,30000,"skew","base","ok","ok","ok",199,192,1.03645833333333,57528.9894134635,57528.9894138407,0.11254343,0.123587143,0.000565544874371859,0.000643683036458333
"lmm_q2sx2_g30000p100_single_base","gaussian","q2sx2",5,30000,"single","base","ok","ok","ok",171,194,0.881443298969072,75547.1738445809,75547.1738446322,1.294414688,2.723166805,0.0075696765380117,0.0140369422938144
"lmm_q2sx2_g30000p100_bal_nearzero","gaussian","q2sx2",5,30000,"bal","nearzero","ok","ok","ok",469,239,1.96234309623431,56908.8469629218,56908.8469634495,0.205495715,0.15367065,0.000438157174840085,0.000642973430962343
"lmm_q2sx2_g30000p100_bal_highcorr","gaussian","q2sx2",5,30000,"bal","highcorr","ok","ok","ok",220,266,0.827067669172932,57666.8531797339,57666.8531797468,0.121507829,0.171017757,0.000552308313636364,0.000642923898496241
"lmm_q2sx2_g30000p100_bal_lowsnr","gaussian","q2sx2",5,30000,"bal","lowsnr","ok","ok","ok",150,133,1.12781954887218,152500.749740717,152500.749740837,0.096534347,0.085856881,0.000643562313333333,0.000645540458646617
"lmm_q3s_g300p5_bal_base","gaussian","q3s",6,300,"bal","base","ok","ok","ok",88,81,1.08641975308642,892.006874629222,892.006874630049,0.001772597,0.003721312,2.01431477272727e-05,4.59421234567901e-05
"lmm_q3s_g300p20_bal_base","gaussian","q3s",6,300,"bal","base","ok","ok","ok",140,125,1.12,709.842619724757,709.842619829926,0.001310049,0.002048992,9.35749285714286e-06,1.6391936e-05
"lmm_q3s_g3000p5_bal_base","gaussian","q3s",6,3000,"bal","base","ok","ok","ok",103,68,1.51470588235294,9442.36660570145,9442.36660571018,0.014052486,0.026964228,0.000136431902912621,0.000396532764705882
"lmm_q3s_g3000p20_bal_base","gaussian","q3s",6,3000,"bal","base","ok","ok","ok",152,102,1.49019607843137,6981.72971660867,6981.72971661571,0.007518302,0.010562743,4.94625131578947e-05,0.000103556303921569
"lmm_q3s_g3000p100_bal_base","gaussian","q3s",6,3000,"bal","base","ok","ok","ok",153,210,0.728571428571429,5908.34875644765,5908.34875645009,0.004222046,0.005508696,2.75950718954248e-05,2.62318857142857e-05
"lmm_q3s_g30000p5_bal_base","gaussian","q3s",6,30000,"bal","base","ok","ok","ok",108,71,1.52112676056338,92898.318378177,92898.318378174,0.141210065,0.280856533,0.00130750060185185,0.00395572581690141
"lmm_q3s_g30000p20_bal_base","gaussian","q3s",6,30000,"bal","base","ok","ok","ok",129,94,1.37234042553191,71195.5992805831,71195.5992808114,0.062943665,0.091840019,0.000487935387596899,0.000977021478723404
"lmm_q3s_g30000p100_bal_base","gaussian","q3s",6,30000,"bal","base","ok","ok","ok",175,179,0.977653631284916,59253.4512740473,59253.4512746003,0.038989505,0.035892733,0.000222797171428571,0.000200518061452514
"lmm_q3s_g30000p100_skew_base","gaussian","q3s",6,30000,"skew","base","ok","ok","ok",161,202,0.797029702970297,58155.2147360615,58155.2147361893,0.037078157,0.040549485,0.000230299111801242,0.000200740024752475
"lmm_q3s_g30000p100_single_base","gaussian","q3s",6,30000,"single","base","ok","ok","ok",86,88,0.977272727272727,79506.8624469169,79506.8624469303,0.12358688,0.362240568,0.00143705674418605,0.00411637009090909
"lmm_q3s_g30000p100_bal_nearzero","gaussian","q3s",6,30000,"bal","nearzero","ok","ok","ok",354,303,1.16831683168317,58197.6119240934,58197.6119241322,0.049759191,0.060724417,0.000140562686440678,0.000200410617161716
"lmm_q3s_g30000p100_bal_highcorr","gaussian","q3s",6,30000,"bal","highcorr","ok","ok","ok",166,190,0.873684210526316,58358.3129857065,58358.3129859149,0.038750957,0.038150263,0.0002334395,0.000200790857894737
"lmm_q3s_g30000p100_bal_lowsnr","gaussian","q3s",6,30000,"bal","lowsnr","ok","ok","ok",124,159,0.779874213836478,153210.774182831,153210.774183528,0.035464549,0.031837129,0.000286004427419355,0.00020023351572327
"lmm_cross6_g300p5_bal_base","gaussian","cross6",6,300,"bal","base","ok","ok","ok",85,73,1.16438356164384,982.66339416307,982.663394171111,0.070850468,0.018492703,0.000833534917647059,0.000253324698630137
"lmm_cross6_g300p5_skew_base","gaussian","cross6",6,300,"skew","base","ok","ok","ok",85,74,1.14864864864865,936.771069598601,936.771069601728,0.012580149,0.012540341,0.000148001752941176,0.000169464067567568
"lmm_cross6_g300p5_single_base","gaussian","cross6",6,300,"single","base","ok","ok","ok",95,81,1.17283950617284,1061.30429085365,1061.30429085782,0.028878702,0.087481224,0.000303986336842105,0.00108001511111111
"lmm_cross6_g300p5_bal_nearzero","gaussian","cross6",6,300,"bal","nearzero","ok","ok","ok",94,87,1.08045977011494,871.755834531962,871.755834534076,0.015464761,0.022168833,0.000164518734042553,0.000254814172413793
"lmm_cross6_g300p5_bal_lowsnr","gaussian","cross6",6,300,"bal","lowsnr","ok","ok","ok",91,81,1.12345679012346,1584.66950934962,1584.66950935052,0.015272134,0.020764737,0.000167825648351648,0.000256354777777778
"lmm_cross6_g300p20_bal_base","gaussian","cross6",6,300,"bal","base","ok","ok","ok",104,123,0.845528455284553,707.486522073368,707.486522120345,0.001983597,0.005101627,1.90730480769231e-05,4.14766422764228e-05
"lmm_cross6_g300p20_skew_base","gaussian","cross6",6,300,"skew","base","ok","ok","ok",175,125,1.4,701.809917522517,701.809917523259,0.003106847,0.005181597,1.77534114285714e-05,4.1452776e-05
"lmm_cross6_g300p20_single_base","gaussian","cross6",6,300,"single","base","ok","ok","ok",98,82,1.19512195121951,1006.9343021542,1006.93430215422,0.0218685,0.023459068,0.000223147959183673,0.000286086195121951
"lmm_cross6_g300p20_bal_nearzero","gaussian","cross6",6,300,"bal","nearzero","ok","ok","ok",173,130,1.33076923076923,688.016753455399,688.016753467321,0.002733179,0.005450404,1.57987225433526e-05,4.19261846153846e-05
"lmm_cross6_g300p20_bal_lowsnr","gaussian","cross6",6,300,"bal","lowsnr","ok","ok","ok",114,102,1.11764705882353,1553.57943891594,1553.57943892339,0.002063407,0.00423364,1.81000614035088e-05,4.15062745098039e-05
"lmm_cross6_g3000p5_bal_base","gaussian","cross6",6,3000,"bal","base","ok","ok","ok",184,171,1.07602339181287,7661.13522524733,7661.13522527066,0.095639624,0.240904794,0.000519780565217391,0.00140879996491228
"lmm_cross6_g3000p20_bal_base","gaussian","cross6",6,3000,"bal","base","ok","ok","ok",135,156,0.865384615384615,6634.16106208915,6634.16106209808,0.118939497,0.469109514,0.000881033311111111,0.00300711226923077
"lmm_cross6_g3000p100_bal_base","gaussian","cross6",6,3000,"bal","base","ok","ok","ok",128,196,0.653061224489796,5876.24725385182,5876.24725395057,0.027765764,0.015686007,0.00021692003125,8.00306479591837e-05
"lmm_cross6_g30000p5_bal_base","gaussian","cross6",6,30000,"bal","base","ok","ok","ok",399,367,1.08719346049046,71820.4803439754,71820.4803442635,0.157283543,5.186595517,0.000394194343358396,0.014132412852861
"lmm_cross6_g30000p20_bal_base","gaussian","cross6",6,30000,"bal","base","ok","ok","ok",383,248,1.54435483870968,61793.6252259705,61793.6252260342,0.393742552,0.851408248,0.0010280484386423,0.00343309777419355
"lmm_cross6_g30000p100_bal_base","gaussian","cross6",6,30000,"bal","base","ok","ok","ok",233,293,0.795221843003413,57279.7147673078,57279.7147677357,0.265894707,0.221638302,0.001141179,0.00075644471672355
"lmm_q2sq2s_g300p5_bal_base","gaussian","q2sq2s",6,300,"bal","base","ok","ok","ok",121,86,1.40697674418605,935.425254716599,935.425254717573,0.007530022,0.012700558,6.22315867768595e-05,0.000147680906976744
"lmm_q2sq2s_g300p20_bal_base","gaussian","q2sq2s",6,300,"bal","base","ok","ok","ok",178,155,1.14838709677419,659.989452294603,659.989452308366,0.002556596,0.004107398,1.43628988764045e-05,2.64993419354839e-05
"lmm_q2sq2s_g300p20_skew_base","gaussian","q2sq2s",6,300,"skew","base","ok","ok","ok",182,99,1.83838383838384,645.400363141459,645.400374275798,0.002412566,0.002610966,1.32558571428571e-05,2.63733939393939e-05
"lmm_q2sq2s_g300p20_single_base","gaussian","q2sq2s",6,300,"single","base","ok","ok","ok",98,85,1.15294117647059,939.007429537022,939.007429540191,0.006679309,0.014865532,6.81562142857143e-05,0.000174888611764706
"lmm_q2sq2s_g300p20_bal_nearzero","gaussian","q2sq2s",6,300,"bal","nearzero","ok","ok","ok",179,141,1.26950354609929,665.90909543213,665.909095434885,0.002589313,0.003785934,1.44654357541899e-05,2.68505957446809e-05
"lmm_q2sq2s_g300p20_bal_highcorr","gaussian","q2sq2s",6,300,"bal","highcorr","ok","ok","ok",155,179,0.865921787709497,683.567283576191,683.567283585557,0.00225402,0.004738552,1.4542064516129e-05,2.64723575418994e-05
"lmm_q2sq2s_g300p20_bal_lowsnr","gaussian","q2sq2s",6,300,"bal","lowsnr","ok","ok","ok",106,108,0.981481481481482,1533.65414330323,1533.65414370816,0.001669778,0.002844259,1.57526226415094e-05,2.63357314814815e-05
"lmm_q2sq2s_g3000p5_bal_base","gaussian","q2sq2s",6,3000,"bal","base","ok","ok","ok",167,118,1.41525423728814,8505.01306524123,8505.01306530679,0.067238661,0.13993102,0.00040262671257485,0.00118585610169492
"lmm_q2sq2s_g3000p5_skew_base","gaussian","q2sq2s",6,3000,"skew","base","ok","ok","ok",201,158,1.27215189873418,7496.39863967705,7496.39863967718,0.067270257,0.146994301,0.000334677895522388,0.00093034367721519
"lmm_q2sq2s_g3000p5_single_base","gaussian","q2sq2s",6,3000,"single","base","ok","ok","ok",200,135,1.48148148148148,9747.87643512423,9747.87643512743,0.138976508,0.14434219,0.00069488254,0.00106920140740741
"lmm_q2sq2s_g3000p5_bal_nearzero","gaussian","q2sq2s",6,3000,"bal","nearzero","ok","ok","ok",344,239,1.43933054393305,7242.7977913453,7242.79779158896,0.131334668,0.280938482,0.000381786825581395,0.00117547482008368
"lmm_q2sq2s_g3000p5_bal_highcorr","gaussian","q2sq2s",6,3000,"bal","highcorr","ok","ok","ok",143,166,0.86144578313253,7919.22285209259,7919.22285212639,0.05763627,0.195597178,0.000403050839160839,0.00117829625301205
"lmm_q2sq2s_g3000p5_bal_lowsnr","gaussian","q2sq2s",6,3000,"bal","lowsnr","ok","ok","ok",120,114,1.05263157894737,15686.3815972467,15686.3815972491,0.049131084,0.135480612,0.0004094257,0.00118842642105263
"lmm_q2sq2s_g3000p20_bal_base","gaussian","q2sq2s",6,3000,"bal","base","ok","ok","ok",200,154,1.2987012987013,6789.42263838188,6789.42263839278,0.034240549,0.048524151,0.000171202745,0.00031509188961039
"lmm_q2sq2s_g3000p20_skew_base","gaussian","q2sq2s",6,3000,"skew","base","ok","ok","ok",152,190,0.8,6736.92984231206,6736.92984231973,0.023102856,0.059634181,0.000151992473684211,0.000313864110526316
"lmm_q2sq2s_g3000p20_single_base","gaussian","q2sq2s",6,3000,"single","base","ok","ok","ok",144,141,1.02127659574468,8418.68560034563,8418.68560036495,0.069581765,0.207160972,0.000483206701388889,0.00146922675177305
"lmm_q2sq2s_g3000p20_bal_nearzero","gaussian","q2sq2s",6,3000,"bal","nearzero","ok","ok","ok",239,163,1.46625766871166,6456.70418023537,6456.70418108983,0.039522918,0.051349427,0.000165367857740586,0.000315027159509202
"lmm_q2sq2s_g3000p20_bal_highcorr","gaussian","q2sq2s",6,3000,"bal","highcorr","ok","ok","ok",190,187,1.01604278074866,6648.35667148266,6648.35667184642,0.032623406,0.059024524,0.000171702136842105,0.000315639165775401
"lmm_q2sq2s_g3000p20_bal_lowsnr","gaussian","q2sq2s",6,3000,"bal","lowsnr","ok","ok","ok",118,127,0.929133858267717,15556.4487273633,15556.4487273652,0.021762347,0.040096052,0.000184426669491525,0.00031571694488189
"lmm_q2sq2s_g3000p100_bal_base","gaussian","q2sq2s",6,3000,"bal","base","ok","ok","ok",227,276,0.822463768115942,5838.62884499167,5838.62884501219,0.010127045,0.015007975,4.46125330396476e-05,5.43767210144928e-05
"lmm_q2sq2s_g30000p5_bal_base","gaussian","q2sq2s",6,30000,"bal","base","ok","ok","ok",361,234,1.54273504273504,83616.0481222506,83616.0481225037,1.451117547,2.83715671,0.0040197161966759,0.0121246013247863
"lmm_q2sq2s_g30000p20_bal_base","gaussian","q2sq2s",6,30000,"bal","base","ok","ok","ok",423,255,1.65882352941176,66761.7730611552,66761.7731221807,0.587542693,0.749262737,0.0013889898179669,0.00293828524313725
"lmm_q2sq2s_g30000p100_bal_base","gaussian","q2sq2s",6,30000,"bal","base","ok","ok","ok",342,346,0.988439306358382,57972.4580244704,57972.4580249561,0.170025622,0.208761536,0.000497150941520468,0.000603357040462428
"lmm_cross8_g300p5_bal_base","gaussian","cross8",8,300,"bal","base","ok","ok","ok",180,125,1.44,1081.62562504649,1081.62562505912,0.330411251,0.064432605,0.00183561806111111,0.00051546084
"lmm_cross8_g300p20_bal_base","gaussian","cross8",8,300,"bal","base","ok","ok","ok",172,206,0.83495145631068,768.303911431244,768.303911486525,0.007888681,0.014952505,4.58644244186047e-05,7.25849757281553e-05
"lmm_cross8_g3000p5_bal_base","gaussian","cross8",8,3000,"bal","base","ok","ok","ok",236,238,0.991596638655462,8082.65550943393,8082.65550945486,0.77421606,0.619454294,0.00328057652542373,0.00260274913445378
"lmm_cross8_g3000p20_bal_base","gaussian","cross8",8,3000,"bal","base","ok","ok","ok",189,188,1.00531914893617,6905.06541517776,6905.06541522809,0.789993985,0.163432081,0.00417986235449735,0.000869319579787234
"lmm_cross8_g3000p20_skew_base","gaussian","cross8",8,3000,"skew","base","ok","ok","ok",177,256,0.69140625,6759.96581650462,6759.96581669703,0.663327975,0.223287176,0.0037476156779661,0.00087221553125
"lmm_cross8_g3000p20_single_base","gaussian","cross8",8,3000,"single","base","ok","ok","ok",171,203,0.842364532019704,7984.26340255347,7984.26340256455,0.636819316,0.65308241,0.00372408956725146,0.00321715472906404
"lmm_cross8_g3000p20_bal_nearzero","gaussian","cross8",8,3000,"bal","nearzero","ok","ok","ok",213,319,0.667711598746082,6295.74013622968,6295.74013633371,0.883755422,0.276363645,0.00414908648826291,0.000866343714733542
"lmm_cross8_g3000p20_bal_lowsnr","gaussian","cross8",8,3000,"bal","lowsnr","ok","ok","ok",211,247,0.854251012145749,15633.9758026705,15633.9758026813,0.884394876,0.214565552,0.00419144490995261,0.00086868644534413
"lmm_cross8_g3000p100_bal_base","gaussian","cross8",8,3000,"bal","base","ok","ok","ok",223,267,0.835205992509363,6196.56292245027,6196.56292370196,0.09202747,0.040595287,0.000412679237668161,0.00015204227340824
"lmm_cross8_g3000p100_skew_base","gaussian","cross8",8,3000,"skew","base","ok","ok","ok",132,337,0.391691394658754,6065.59361911839,6065.59361921411,0.060094514,0.051148626,0.00045526146969697,0.000151776338278932
"lmm_cross8_g3000p100_single_base","gaussian","cross8",8,3000,"single","base","ok","ok","ok",178,271,0.656826568265683,7638.25036899937,7638.25036901757,0.683484829,0.738561266,0.00383980241011236,0.00272531832472325
"lmm_cross8_g3000p100_bal_nearzero","gaussian","cross8",8,3000,"bal","nearzero","ok","ok","ok",247,324,0.762345679012346,6046.0214844965,6046.02148726326,0.111175989,0.04915482,0.000450105218623482,0.000151712407407407
"lmm_cross8_g3000p100_bal_lowsnr","gaussian","cross8",8,3000,"bal","lowsnr","ok","ok","ok",200,216,0.925925925925926,15183.0427264559,15183.042726458,0.093485462,0.032872021,0.00046742731,0.000152185282407407
"lmm_cross8_g30000p5_bal_base","gaussian","cross8",8,30000,"bal","base","ok","ok","ok",626,378,1.65608465608466,72449.6240359838,72449.6240364243,9.492988961,9.573941524,0.0151645191070288,0.0253278876296296
"lmm_cross8_g30000p5_skew_base","gaussian","cross8",8,30000,"skew","base","ok","ok","ok",506,486,1.04115226337449,65919.6996448899,65919.6996484423,11.67760079,9.531312843,0.02307826243083,0.0196117548209877
"lmm_cross8_g30000p5_single_base","gaussian","cross8",8,30000,"single","base","ok","ok","timeout",575,0,NA,80888.5302783554,NA,8.793575588,60,0.0152931749356522,60
"lmm_cross8_g30000p5_bal_nearzero","gaussian","cross8",8,30000,"bal","nearzero","ok","ok","ok",198,412,0.480582524271845,55591.6467033862,55591.6467901449,3.250317751,10.44288827,0.0164157462171717,0.0253468161893204
"lmm_cross8_g30000p5_bal_lowsnr","gaussian","cross8",8,30000,"bal","lowsnr","ok","ok","ok",558,661,0.844175491679274,154538.216425968,154538.216426553,8.386051532,16.745953811,0.0150287661863799,0.0253342720287443
"lmm_cross8_g30000p20_bal_base","gaussian","cross8",8,30000,"bal","base","ok","ok","ok",531,477,1.11320754716981,62200.3066993604,62200.3067000252,12.703176544,3.023309172,0.0239231196685499,0.00633817436477987
"lmm_cross8_g30000p100_bal_base","gaussian","cross8",8,30000,"bal","base","ok","ok","ok",258,452,0.570796460176991,57557.7503800436,57557.7503804047,4.639274435,0.643586061,0.0179816838565891,0.00142386296681416
"lmm_q3sx2_g300p5_bal_base","gaussian","q3sx2",8,300,"bal","base","ok","ok","ok",170,104,1.63461538461538,989.976609709031,989.976609807141,0.02131863,0.02116752,0.000125403705882353,0.000203533846153846
"lmm_q3sx2_g300p20_bal_base","gaussian","q3sx2",8,300,"bal","base","ok","ok","ok",134,126,1.06349206349206,714.867214608308,714.867214677704,0.00245913,0.004586932,1.83517164179104e-05,3.64042222222222e-05
"lmm_q3sx2_g3000p5_bal_base","gaussian","q3sx2",8,3000,"bal","base","ok","ok","ok",179,137,1.30656934306569,9604.77326002503,9604.77326005927,0.199329384,0.25172311,0.00111357197765363,0.00183739496350365
"lmm_q3sx2_g3000p20_bal_base","gaussian","q3sx2",8,3000,"bal","base","ok","ok","ok",304,181,1.67955801104972,7307.46461147452,7307.46461148139,0.094505501,0.086402873,0.000310873358552632,0.000477363939226519
"lmm_q3sx2_g3000p100_bal_base","gaussian","q3sx2",8,3000,"bal","base","ok","ok","ok",200,255,0.784313725490196,6214.55985334369,6214.55985369544,0.011704864,0.018913683,5.852432e-05,7.41713058823529e-05
"lmm_q3sx2_g30000p5_bal_base","gaussian","q3sx2",8,30000,"bal","base","ok","ok","ok",344,241,1.42738589211618,93992.3050036433,93992.305003779,3.983436166,4.668130335,0.0115797562965116,0.0193698354149378
"lmm_q3sx2_g30000p5_skew_base","gaussian","q3sx2",8,30000,"skew","base","ok","ok","ok",361,239,1.51046025104603,78050.5377708417,78050.537771553,3.160372045,3.572041799,0.00875449319944598,0.0149457815857741
"lmm_q3sx2_g30000p5_single_base","gaussian","q3sx2",8,30000,"single","base","ok","ok","ok",221,189,1.16931216931217,104582.458807048,104582.458807433,5.368831674,3.157739725,0.0242933559909502,0.0167076175925926
"lmm_q3sx2_g30000p5_bal_nearzero","gaussian","q3sx2",8,30000,"bal","nearzero","ok","ok","ok",318,299,1.06354515050167,84319.7579309598,84319.7579551173,3.67417926,5.799102628,0.0115540228301887,0.0193949920668896
"lmm_q3sx2_g30000p5_bal_highcorr","gaussian","q3sx2",8,30000,"bal","highcorr","ok","ok","ok",462,327,1.41284403669725,82084.4582348382,82084.4582372966,5.306029814,6.325379533,0.011484913017316,0.0193436682966361
"lmm_q3sx2_g30000p5_bal_lowsnr","gaussian","q3sx2",8,30000,"bal","lowsnr","ok","ok","ok",215,352,0.610795454545455,157657.958492656,157657.958493939,2.501859337,6.811451406,0.011636555055814,0.0193507142215909
"lmm_q3sx2_g30000p20_bal_base","gaussian","q3sx2",8,30000,"bal","base","ok","ok","ok",377,339,1.11209439528024,71139.2152423607,71139.2152430389,1.086457018,1.586829309,0.00288184885411141,0.0046809124159292
"lmm_q3sx2_g30000p20_skew_base","gaussian","q3sx2",8,30000,"skew","base","ok","ok","ok",403,334,1.20658682634731,67064.0527917806,67064.0527918765,1.15441628,1.560905409,0.00286455652605459,0.00467336948802395
"lmm_q3sx2_g30000p20_single_base","gaussian","q3sx2",8,30000,"single","base","ok","ok","ok",378,212,1.78301886792453,90497.8375437178,90497.837544387,5.467576683,5.152236056,0.0144644885793651,0.0243030002641509
"lmm_q3sx2_g30000p20_bal_nearzero","gaussian","q3sx2",8,30000,"bal","nearzero","ok","ok","ok",546,409,1.33496332518337,66575.2492630685,66575.2492656794,1.540835996,1.919370687,0.00282204394871795,0.00469283786552567
"lmm_q3sx2_g30000p20_bal_highcorr","gaussian","q3sx2",8,30000,"bal","highcorr","ok","ok","ok",549,333,1.64864864864865,67454.4225042292,67454.4225091316,1.538791478,1.563419842,0.00280289886703097,0.00469495448048048
"lmm_q3sx2_g30000p20_bal_lowsnr","gaussian","q3sx2",8,30000,"bal","lowsnr","ok","ok","ok",539,271,1.98892988929889,155669.600610378,155669.600610374,1.526679582,1.270796758,0.00283242965120594,0.0046892869298893
"lmm_q3sx2_g30000p100_bal_base","gaussian","q3sx2",8,30000,"bal","base","ok","ok","ok",393,504,0.779761904761905,59544.0316680302,59544.0316690473,0.266126563,0.464921016,0.00067716682697201,0.000922462333333333
"lmm_q3sx2_g30000p100_skew_base","gaussian","q3sx2",8,30000,"skew","base","ok","ok","ok",344,140,2.45714285714286,58710.8034221333,58710.8034222178,0.238677571,0.130096364,0.000693830148255814,0.000929259742857143
"lmm_q3sx2_g30000p100_single_base","gaussian","q3sx2",8,30000,"single","base","ok","ok","ok",271,282,0.960992907801418,80624.7724276906,80624.7724279216,3.29602791,5.734220725,0.0121624646125461,0.0203341160460993
"lmm_q3sx2_g30000p100_bal_nearzero","gaussian","q3sx2",8,30000,"bal","nearzero","ok","ok","ok",1161,708,1.63983050847458,58680.0714831997,58680.0714859369,0.685268313,0.652697503,0.000590239718346253,0.000921889128531073
"lmm_q3sx2_g30000p100_bal_highcorr","gaussian","q3sx2",8,30000,"bal","highcorr","ok","ok","ok",399,449,0.888641425389755,58686.3091192582,58686.3091193137,0.271201388,0.415307296,0.000679702726817043,0.000924960570155902
"lmm_q3sx2_g30000p100_bal_lowsnr","gaussian","q3sx2",8,30000,"bal","lowsnr","ok","ok","ok",432,271,1.59409594095941,153714.998814991,153714.998815717,0.290633594,0.252647834,0.000672762949074074,0.000932279830258303
"lmm_q4_g300p5_bal_base","gaussian","q4",10,300,"bal","base","ok","ok","ok",170,127,1.33858267716535,1061.60439660915,1061.60439661413,0.004697064,0.006900802,2.76297882352941e-05,5.43370236220472e-05
"lmm_q4_g300p20_bal_base","gaussian","q4",10,300,"bal","base","ok","ok","ok",273,247,1.10526315789474,746.4215512179,746.421551835194,0.003646774,0.005047352,1.33581465201465e-05,2.04346234817814e-05
"lmm_q4_g3000p5_bal_base","gaussian","q4",10,3000,"bal","base","ok","ok","ok",149,108,1.37962962962963,10141.0627566618,10141.062756667,0.030047038,0.049919034,0.000201657973154362,0.000462213277777778
"lmm_q4_g3000p20_bal_base","gaussian","q4",10,3000,"bal","base","ok","ok","ok",227,226,1.00442477876106,7653.74937373917,7653.74937384419,0.01503467,0.027723953,6.62320264317181e-05,0.00012267235840708
"lmm_q4_g3000p100_bal_base","gaussian","q4",10,3000,"bal","base","ok","ok","ok",278,518,0.536679536679537,6032.73152155653,6032.73152178418,0.007919533,0.016851963,2.84875287769784e-05,3.25327471042471e-05
"lmm_q4_g30000p5_bal_base","gaussian","q4",10,30000,"bal","base","ok","ok","ok",151,122,1.23770491803279,101689.734244415,101689.73424455,0.295302215,0.559655604,0.00195564380794702,0.00458734101639344
"lmm_q4_g30000p20_bal_base","gaussian","q4",10,30000,"bal","base","ok","ok","ok",247,175,1.41142857142857,76203.4350866543,76203.4350867522,0.143953545,0.200054428,0.000582807874493927,0.00114316816
"lmm_q4_g30000p100_bal_base","gaussian","q4",10,30000,"bal","base","ok","ok","ok",332,368,0.902173913043478,60965.4459056272,60965.4459057075,0.068765843,0.086859205,0.00020712603313253,0.000236030448369565
"lmm_q4_g30000p100_skew_base","gaussian","q4",10,30000,"skew","base","ok","ok","ok",317,313,1.01277955271565,59936.1372295589,59936.1372299116,0.065790936,0.073604369,0.000207542384858044,0.000235157728434505
"lmm_q4_g30000p100_single_base","gaussian","q4",10,30000,"single","base","ok","ok","ok",163,164,0.99390243902439,83446.2485504884,83446.2485505598,0.330028511,0.794438434,0.00202471479141104,0.00484413679268293
"lmm_q4_g30000p100_bal_nearzero","gaussian","q4",10,30000,"bal","nearzero","ok","ok","ok",962,655,1.46870229007634,59897.7366128415,59897.7366285181,0.127393764,0.15579179,0.00013242595010395,0.000237850061068702
"lmm_q4_g30000p100_bal_highcorr","gaussian","q4",10,30000,"bal","highcorr","ok","ok","ok",311,411,0.75669099756691,59291.3190445531,59291.3190445916,0.06571089,0.097153417,0.000211289035369775,0.00023638300973236
"lmm_q4_g30000p100_bal_lowsnr","gaussian","q4",10,30000,"bal","lowsnr","ok","ok","ok",247,266,0.928571428571429,153579.333833663,153579.333833683,0.059956725,0.062639505,0.000242739777327935,0.000235486860902256
"lmm_q4sx2_g300p5_bal_base","gaussian","q4sx2",12,300,"bal","base","ok","ok","ok",210,152,1.38157894736842,1098.14886611674,1098.14886620157,0.036539912,0.039011032,0.000173999580952381,0.00025665152631579
"lmm_q4sx2_g300p5_skew_base","gaussian","q4sx2",12,300,"skew","base","ok","ok","ok",267,196,1.36224489795918,904.006970042564,904.006970313081,0.027887515,0.03315216,0.000104447621722846,0.000169143673469388
"lmm_q4sx2_g300p5_single_base","gaussian","q4sx2",12,300,"single","base","ok","ok","ok",207,180,1.15,1190.64515531588,1190.64515537199,0.065466952,0.038978708,0.000316265468599034,0.000216548377777778
"lmm_q4sx2_g300p5_bal_nearzero","gaussian","q4sx2",12,300,"bal","nearzero","ok","ok","ok",304,177,1.71751412429379,1078.97099544893,1078.97099547516,0.051257522,0.045573542,0.000168610269736842,0.000257477638418079
"lmm_q4sx2_g300p5_bal_highcorr","gaussian","q4sx2",12,300,"bal","highcorr","ok","ok","ok",458,319,1.43573667711599,983.148955052995,983.148955063759,0.076848255,0.082279749,0.000167790949781659,0.000257930247648903
"lmm_q4sx2_g300p5_bal_lowsnr","gaussian","q4sx2",12,300,"bal","lowsnr","ok","ok","ok",201,171,1.17543859649123,1620.97210640826,1620.97210670175,0.034109404,0.04392434,0.000169698527363184,0.000256867485380117
"lmm_q4sx2_g300p20_bal_base","gaussian","q4sx2",12,300,"bal","base","ok","ok","ok",260,238,1.09243697478992,803.825878730343,803.825878818041,0.006106806,0.010328426,2.34877153846154e-05,4.33967478991597e-05
"lmm_q4sx2_g300p20_skew_base","gaussian","q4sx2",12,300,"skew","base","ok","ok","ok",517,423,1.22222222222222,735.567974743976,735.567975158844,0.011731106,0.018671305,2.26907272727273e-05,4.41402009456265e-05
"lmm_q4sx2_g300p20_single_base","gaussian","q4sx2",12,300,"single","base","ok","ok","ok",220,184,1.19565217391304,1045.83974875754,1045.83974877591,0.045274904,0.056995219,0.000205795018181818,0.000309756625
"lmm_q4sx2_g300p20_bal_nearzero","gaussian","q4sx2",12,300,"bal","nearzero","ok","ok","ok",735,475,1.54736842105263,729.26496247217,729.264962639321,0.016945075,0.021091474,2.30545238095238e-05,4.44031031578947e-05
"lmm_q4sx2_g300p20_bal_highcorr","gaussian","q4sx2",12,300,"bal","highcorr","ok","ok","ok",448,325,1.37846153846154,760.17904619759,760.179046305194,0.010149876,0.014142808,2.26559732142857e-05,4.35163323076923e-05
"lmm_q4sx2_g300p20_bal_lowsnr","gaussian","q4sx2",12,300,"bal","lowsnr","ok","ok","ok",266,234,1.13675213675214,1529.8346368266,1529.83463691472,0.006166709,0.010083654,2.31831165413534e-05,4.30925384615385e-05
"lmm_q4sx2_g3000p5_bal_base","gaussian","q4sx2",12,3000,"bal","base","ok","ok","ok",260,225,1.15555555555556,10328.4222172048,10328.4222172134,0.401094861,0.521821572,0.00154267254230769,0.00231920698666667
"lmm_q4sx2_g3000p20_bal_base","gaussian","q4sx2",12,3000,"bal","base","ok","ok","ok",354,315,1.12380952380952,7928.4954655268,7928.49546561288,0.144666449,0.187991842,0.000408662285310734,0.000596799498412698
"lmm_q4sx2_g3000p100_bal_base","gaussian","q4sx2",12,3000,"bal","base","ok","ok","ok",340,447,0.760626398210291,6252.85410677766,6252.85410712389,0.022157461,0.041467564,6.51690029411765e-05,9.27685995525727e-05
"lmm_q4sx2_g30000p5_bal_base","gaussian","q4sx2",12,30000,"bal","base","ok","ok","ok",427,273,1.56410256410256,101826.649223752,101826.649224311,7.527199794,6.714274056,0.0176281025620609,0.0245944104615385
"lmm_q4sx2_g30000p20_bal_base","gaussian","q4sx2",12,30000,"bal","base","ok","ok","ok",651,445,1.46292134831461,76567.4501821632,76567.4501828684,2.533706757,2.677959361,0.00389202266820277,0.00601788620449438
"lmm_q4sx2_g30000p100_bal_base","gaussian","q4sx2",12,30000,"bal","base","ok","ok","ok",433,484,0.894628099173554,60737.2387493489,60737.2389106637,0.386490889,0.567288532,0.000892588658198614,0.00117208374380165
"lmm_q5q2_g300p5_bal_base","gaussian","q5q2",18,300,"bal","base","ok","ok","ok",334,207,1.61352657004831,1150.72097559134,1150.72097677914,0.053579443,0.066253684,0.000160417494011976,0.000320066106280193
"lmm_q5q2_g3000p5_bal_base","gaussian","q5q2",18,3000,"bal","base","ok","ok","ok",402,309,1.30097087378641,10927.72072953,10927.7207295964,0.504482428,0.900717531,0.00125493141293532,0.00291494346601942
"lmm_q5q2_g3000p5_skew_base","gaussian","q5q2",18,3000,"skew","base","ok","ok","ok",432,436,0.990825688073395,9012.01235475261,9012.01235480911,0.418146801,0.930705622,0.000967932409722222,0.00213464592201835
"lmm_q5q2_g3000p5_single_base","gaussian","q5q2",18,3000,"single","base","ok","ok","ok",355,280,1.26785714285714,11746.5073973527,11746.5073974525,0.853271043,0.535327005,0.0024035804028169,0.00191188216071429
"lmm_q5q2_g3000p5_bal_nearzero","gaussian","q5q2",18,3000,"bal","nearzero","ok","ok","ok",552,439,1.25740318906606,10269.2876995558,10269.2876998054,0.690580984,1.278336764,0.00125105250724638,0.00291192884738041
"lmm_q5q2_g3000p5_bal_highcorr","gaussian","q5q2",18,3000,"bal","highcorr","ok","ok","ok",832,512,1.625,8852.77727244159,8852.7772746828,1.038181668,1.488233022,0.00124781450480769,0.00290670512109375
"lmm_q5q2_g3000p5_bal_lowsnr","gaussian","q5q2",18,3000,"bal","lowsnr","ok","ok","ok",743,518,1.43436293436293,15944.849011176,15944.8490112835,0.930369447,1.511809979,0.00125217960565276,0.00291855208301158
"lmm_q5q2_g3000p20_bal_base","gaussian","q5q2",18,3000,"bal","base","ok","ok","ok",564,496,1.13709677419355,8429.52626111155,8429.52626123455,0.248485233,0.371559035,0.000440576654255319,0.00074911095766129
"lmm_q5q2_g3000p20_skew_base","gaussian","q5q2",18,3000,"skew","base","ok","ok","ok",820,507,1.61735700197239,7480.57754237617,7480.57754288632,0.314823693,0.371447002,0.000383931332926829,0.000732637084812623
"lmm_q5q2_g3000p20_single_base","gaussian","q5q2",18,3000,"single","base","ok","ok","ok",348,291,1.19587628865979,10337.4514100165,10337.4514102227,0.549486962,1.062709133,0.00157898552298851,0.00365192141924399
"lmm_q5q2_g3000p20_bal_nearzero","gaussian","q5q2",18,3000,"bal","nearzero","ok","ok","ok",1300,831,1.56438026474128,7891.29804317011,7891.29805202778,0.563333767,0.61978912,0.000433333666923077,0.000745835282791817
"lmm_q5q2_g3000p20_bal_highcorr","gaussian","q5q2",18,3000,"bal","highcorr","ok","ok","ok",689,695,0.99136690647482,7215.45787421927,7215.45787457603,0.303627461,0.520332718,0.00044067846298984,0.000748680169784173
"lmm_q5q2_g3000p20_bal_lowsnr","gaussian","q5q2",18,3000,"bal","lowsnr","ok","ok","ok",559,337,1.65875370919881,15857.7074668814,15857.7074672881,0.245660931,0.250581645,0.000439464992844365,0.000743565712166172
"lmm_q5q2_g3000p100_bal_base","gaussian","q5q2",18,3000,"bal","base","ok","ok","ok",594,333,1.78378378378378,6469.8698110281,6469.86981105318,0.054619019,0.037274355,9.19512104377104e-05,0.000111935
"lmm_q5q2_g3000p100_skew_base","gaussian","q5q2",18,3000,"skew","base","ok","ok","ok",430,729,0.589849108367627,6176.74726114094,6176.74726174625,0.039938741,0.081689594,9.28807930232558e-05,0.000112057056241427
"lmm_q5q2_g3000p100_single_base","gaussian","q5q2",18,3000,"single","base","ok","ok","ok",504,466,1.08154506437768,8943.85927678083,8943.85928692601,0.641126777,1.421757972,0.00127207693849206,0.00305098277253219
"lmm_q5q2_g3000p100_bal_nearzero","gaussian","q5q2",18,3000,"bal","nearzero","ok","ok","ok",3144,1958,1.60572012257406,6301.53243035668,6301.53243506533,0.273782028,0.228375541,8.70807977099237e-05,0.000116637150663943
"lmm_q5q2_g3000p100_bal_highcorr","gaussian","q5q2",18,3000,"bal","highcorr","ok","ok","ok",731,862,0.848027842227378,6125.00006000411,6125.00006007998,0.067255093,0.097181569,9.20042311901505e-05,0.000112739639211137
"lmm_q5q2_g3000p100_bal_lowsnr","gaussian","q5q2",18,3000,"bal","lowsnr","ok","ok","ok",469,567,0.827160493827161,15488.0528203005,15488.0528254061,0.04422095,0.062881189,9.42877398720682e-05,0.000110901567901235
"lmm_q5q2_g30000p5_bal_base","gaussian","q5q2",18,30000,"bal","base","ok","ok","ok",813,463,1.75593952483801,107849.459057731,107849.459060346,10.930504046,13.98352181,0.0134446544231242,0.030201990950324
"lmm_q5q2_g30000p20_bal_base","gaussian","q5q2",18,30000,"bal","base","ok","ok","ok",846,742,1.14016172506739,80753.1825064383,80753.1825195545,3.576316604,5.528110229,0.00422732459101655,0.00745028332749326
"lmm_q5q2_g30000p100_bal_base","gaussian","q5q2",18,30000,"bal","base","ok","ok","ok",547,820,0.667073170731707,62949.0345009475,62949.0345036735,0.631102352,1.187065979,0.00115375201462523,0.00144764143780488
"lmm_q6_g300p5_bal_base","gaussian","q6",21,300,"bal","base","mismatch","ok","ok",1859,474,3.92194092827004,1114.34389126438,1114.33605630008,0.115870319,0.043425002,6.23293808499193e-05,9.16139282700422e-05
"lmm_q6_g3000p5_bal_base","gaussian","q6",21,3000,"bal","base","ok","ok","ok",343,228,1.50438596491228,11246.0388287764,11246.0388303832,0.143029482,0.16302863,0.000416995574344023,0.000715037850877193
"lmm_q6_g3000p20_bal_base","gaussian","q6",21,3000,"bal","base","ok","ok","ok",463,383,1.2088772845953,8537.62521826194,8537.62521843081,0.058231947,0.074664296,0.000125770943844492,0.000194945942558747
"lmm_q6_g3000p100_bal_base","gaussian","q6",21,3000,"bal","base","ok","ok","ok",606,668,0.907185628742515,6355.54185509385,6355.54294874255,0.029394992,0.038148519,4.85065874587459e-05,5.71085613772455e-05
"lmm_q6_g30000p5_bal_base","gaussian","q6",21,30000,"bal","base","ok","ok","ok",379,234,1.61965811965812,111465.265267066,111465.265274986,1.485157835,1.688967613,0.00391862225593667,0.00721781031196581
"lmm_q6_g30000p5_skew_base","gaussian","q6",21,30000,"skew","base","ok","ok","ok",455,332,1.37048192771084,91471.1350101047,91471.1350138549,1.389114629,1.871160129,0.00305299918461538,0.00563602448493976
"lmm_q6_g30000p5_single_base","gaussian","q6",21,30000,"single","base","ok","ok","ok",354,282,1.25531914893617,119580.228651305,119580.228651825,2.730639101,4.142947218,0.00771366977683616,0.0146913021914894
"lmm_q6_g30000p5_bal_nearzero","gaussian","q6",21,30000,"bal","nearzero","ok","ok","ok",487,319,1.52664576802508,106961.316866595,106961.316866799,1.89452285,2.303178416,0.00389019065708419,0.00721999503448276
"lmm_q6_g30000p5_bal_highcorr","gaussian","q6",21,30000,"bal","highcorr","ok","ok","ok",492,428,1.14953271028037,89732.3733237242,89732.3733290084,1.913326839,3.096003342,0.00388887568902439,0.0072336526682243
"lmm_q6_g30000p5_bal_lowsnr","gaussian","q6",21,30000,"bal","lowsnr","ok","ok","ok",637,304,2.09539473684211,160204.53338348,160204.533384422,2.456623307,2.221377991,0.00385655150235479,0.00730716444407895
"lmm_q6_g30000p20_bal_base","gaussian","q6",21,30000,"bal","base","ok","ok","ok",499,345,1.4463768115942,84311.5959539835,84311.5959577466,0.527746295,0.6053381,0.00105760780561122,0.0017546031884058
"lmm_q6_g30000p20_skew_base","gaussian","q6",21,30000,"skew","base","ok","ok","ok",473,556,0.850719424460432,73997.0079666806,73997.0079710205,0.500267168,0.975331768,0.00105764728964059,0.00175419382733813
"lmm_q6_g30000p20_single_base","gaussian","q6",21,30000,"single","base","ok","ok","ok",366,253,1.44664031620553,105211.152569421,105211.152571506,1.781859956,2.315931755,0.00486846982513661,0.00915388045454545
"lmm_q6_g30000p20_bal_nearzero","gaussian","q6",21,30000,"bal","nearzero","ok","ok","ok",1132,920,1.2304347826087,79956.7828767851,79956.7829242097,1.134424636,1.608749171,0.00100214190459364,0.00174864040326087
"lmm_q6_g30000p20_bal_highcorr","gaussian","q6",21,30000,"bal","highcorr","ok","ok","ok",645,532,1.21240601503759,72826.4809522953,72826.4809523401,0.666851426,0.933820315,0.00103387817984496,0.00175530134398496
"lmm_q6_g30000p20_bal_lowsnr","gaussian","q6",21,30000,"bal","lowsnr","ok","ok","ok",310,341,0.909090909090909,158009.723669818,158009.723670237,0.346635584,0.598230923,0.00111817930322581,0.00175434288269795
"lmm_q6_g30000p100_bal_base","gaussian","q6",21,30000,"bal","base","ok","ok","ok",1022,822,1.24330900243309,63636.3892532593,63636.389254537,0.265166558,0.303122457,0.000259458471624266,0.000368762113138686
"lmm_q6_g30000p100_skew_base","gaussian","q6",21,30000,"skew","base","ok","ok","ok",535,856,0.625,61903.7559401019,61903.7560059513,0.161949901,0.316653087,0.000302710095327103,0.000369921830607477
"lmm_q6_g30000p100_single_base","gaussian","q6",21,30000,"single","base","ok","ok","ok",541,357,1.51540616246499,89466.1637571225,89466.1637971339,2.198047445,2.740526,0.00406293427911275,0.00767654341736695
"lmm_q6_g30000p100_bal_nearzero","gaussian","q6",21,30000,"bal","nearzero","ok","ok","ok",2876,2001,1.43728135932034,62492.7960831765,62492.796111509,0.66185341,0.745908672,0.000230129836578581,0.000372767952023988
"lmm_q6_g30000p100_bal_highcorr","gaussian","q6",21,30000,"bal","highcorr","ok","ok","ok",741,766,0.967362924281984,60581.9898683017,60581.9898694058,0.205536246,0.282878363,0.000277376850202429,0.000369292902088773
"lmm_q6_g30000p100_bal_lowsnr","gaussian","q6",21,30000,"bal","lowsnr","ok","ok","ok",642,485,1.32371134020619,154489.011034519,154489.011035127,0.184613206,0.178469217,0.000287559510903427,0.000367977767010309
"lmm_q6q2x3_g300p5_bal_base","gaussian","q6q2x3",27,300,"bal","base","ok","ok","ok",2076,1458,1.4238683127572,1228.0367431399,1228.03674476745,1.882199945,1.799747956,0.000906647372350674,0.00123439503155007
"lmm_q6q2x3_g3000p5_bal_base","gaussian","q6q2x3",27,3000,"bal","base","ok","ok","ok",640,532,1.20300751879699,11781.0752137451,11781.0752142034,1.89208911,6.033355482,0.002956389234375,0.0113408937631579
"lmm_q6q2x3_g3000p20_bal_base","gaussian","q6q2x3",27,3000,"bal","base","ok","ok","ok",708,728,0.972527472527473,8950.72893655036,8950.72893915008,1.837523874,2.067402326,0.00259537270338983,0.00283983835989011
"lmm_q6q2x3_g3000p100_bal_base","gaussian","q6q2x3",27,3000,"bal","base","ok","ok","ok",984,453,2.17218543046358,6748.66388328062,6748.66388382554,0.356419683,0.161350576,0.000362215125,0.000356182286975717
"lmm_q6q2x3_g30000p5_bal_base","gaussian","q6q2x3",27,30000,"bal","base","ok","ok","timeout",1230,0,NA,113542.009208047,NA,27.469897379,60,0.022333249901626,60
"lmm_q6q2x3_g30000p20_bal_base","gaussian","q6q2x3",27,30000,"bal","base","timeout","timeout","ok",0,1649,NA,NA,85220.0890622565,30,46.982619469,30,0.0284915824554275
"lmm_q6q2x3_g30000p100_bal_base","gaussian","q6q2x3",27,30000,"bal","base","ok","ok","ok",1204,588,2.04761904761905,64429.899532386,64429.899556602,13.584495288,3.346463029,0.0112828033953488,0.0056912636547619
"lmm_q8_g300p5_bal_base","gaussian","q8",36,300,"bal","base","ok","ok","ok",5922,2474,2.39369442198868,1180.68150429232,1180.6815402708,0.792620696,0.352060623,0.000133843413711584,0.00014230421301536
"lmm_q8_g300p5_skew_base","gaussian","q8",36,300,"skew","base","ok","ok","ok",2047,1273,1.60801256873527,928.633185450734,928.633205182976,0.234953861,0.149532063,0.000114779609672692,0.000117464307148468
"lmm_q8_g300p5_single_base","gaussian","q8",36,300,"single","base","engine-fail","engine-fail","ok",18000,7839,NA,NA,1191.2827057782,3.578688031,1.699295109,0.000198816001722222,0.000216774474933027
"lmm_q8_g300p5_bal_nearzero","gaussian","q8",36,300,"bal","nearzero","ok","ok","ok",1804,912,1.9780701754386,1173.62914809183,1173.62914883734,0.240991734,0.125829481,0.000133587435698448,0.000137970922149123
"lmm_q8_g300p5_bal_highcorr","gaussian","q8",36,300,"bal","highcorr","mismatch","ok","ok",5649,1104,5.11684782608696,911.239817521057,911.243485538779,0.762515307,0.149470036,0.000134982352097716,0.000135389525362319
"lmm_q8_g300p5_bal_lowsnr","gaussian","q8",36,300,"bal","lowsnr","ok","ok","ok",3750,1733,2.16387766878246,1578.65732552546,1578.65733323832,0.508785464,0.237251628,0.000135676123733333,0.000136902266589729
"lmm_q8_g3000p5_bal_base","gaussian","q8",36,3000,"bal","base","ok","ok","ok",762,378,2.01587301587302,11803.5627371467,11803.5627466683,0.581142466,0.325053699,0.000762654154855643,0.000859930420634921
"lmm_q8_g3000p5_skew_base","gaussian","q8",36,3000,"skew","base","ok","ok","ok",980,673,1.45616641901932,9699.24539243847,9699.24539290506,0.602083194,0.466170239,0.000614370606122449,0.000692674946508172
"lmm_q8_g3000p5_single_base","gaussian","q8",36,3000,"single","base","ok","ok","ok",800,518,1.54440154440154,12463.3149962828,12463.3149968929,1.152731232,0.873483095,0.00144091404,0.0016862608011583
"lmm_q8_g3000p5_bal_nearzero","gaussian","q8",36,3000,"bal","nearzero","ok","ok","ok",755,578,1.30622837370242,11630.5922250674,11630.5922257319,0.570952807,0.497862267,0.000756228883443709,0.000861353403114187
"lmm_q8_g3000p5_bal_highcorr","gaussian","q8",36,3000,"bal","highcorr","ok","ok","ok",913,754,1.21087533156499,9218.65064464939,9218.65067262731,0.690555378,0.648318426,0.000756358573932092,0.00085983876127321
"lmm_q8_g3000p5_bal_lowsnr","gaussian","q8",36,3000,"bal","lowsnr","mismatch","ok","ok",1732,987,1.7548125633232,16143.7524987349,16141.7260178435,1.336967434,0.851797021,0.000771921151270208,0.000863016232016211
"lmm_q8_g3000p20_bal_base","gaussian","q8",36,3000,"bal","base","ok","ok","ok",889,577,1.54072790294627,8989.92284697995,8989.92285401115,0.212846321,0.144651274,0.000239422183352081,0.000250695448873484
"lmm_q8_g3000p20_skew_base","gaussian","q8",36,3000,"skew","base","ok","ok","ok",860,1137,0.756376429199648,7646.96950641875,7646.96950799892,0.206626905,0.291098772,0.000240263843023256,0.000256023546174143
"lmm_q8_g3000p20_single_base","gaussian","q8",36,3000,"single","base","ok","ok","ok",690,452,1.52654867256637,11145.8692070446,11145.8692123978,0.639454383,0.480412512,0.000926745482608696,0.00106285953982301
"lmm_q8_g3000p20_bal_nearzero","gaussian","q8",36,3000,"bal","nearzero","ok","ok","ok",1397,1084,1.28874538745387,8747.54525610372,8747.54526104104,0.336514122,0.276597045,0.000240883408732999,0.000255163325645756
"lmm_q8_g3000p20_bal_highcorr","gaussian","q8",36,3000,"bal","highcorr","ok","ok","ok",1694,864,1.96064814814815,7438.64037304223,7438.64037332405,0.403715985,0.218331126,0.000238321124557261,0.0002526980625
"lmm_q8_g3000p20_bal_lowsnr","gaussian","q8",36,3000,"bal","lowsnr","ok","ok","ok",960,795,1.20754716981132,15711.9937959394,15711.9937959767,0.231170536,0.199608915,0.000240802641666667,0.000251080396226415
"lmm_q8_g30000p5_bal_base","gaussian","q8",36,30000,"bal","base","ok","ok","ok",730,396,1.84343434343434,117921.697202373,117921.697215863,5.153056528,3.430073069,0.00705898154520548,0.00866180067929293
"lmm_q8_g30000p20_bal_base","gaussian","q8",36,30000,"bal","base","ok","ok","ok",784,510,1.53725490196078,90726.3826040675,90726.3831925883,1.475011117,1.066603417,0.00188139173086735,0.00209137924901961
"lmm_q8_g30000p100_bal_base","gaussian","q8",36,30000,"bal","base","ok","ok","ok",1099,1884,0.583333333333333,65883.9625566019,65883.9628506996,0.510421086,0.862423782,0.000464441388535032,0.000457762092356688
"lmm_q8q2x_g300p5_bal_base","gaussian","q8q2x",40,300,"bal","base","engine-fail","engine-fail","ok",0,17306,NA,NA,1265.78308233725,13.253163847,12.217664803,13.253163847,0.000705978550964983
"lmm_q8q2x_g3000p5_bal_base","gaussian","q8q2x",40,3000,"bal","base","ok","ok","ok",1353,692,1.95520231213873,12106.531231869,12106.5312328742,6.358421047,4.456042485,0.00469949818699187,0.00643936775289017
"lmm_q8q2x_g3000p20_bal_base","gaussian","q8q2x",40,3000,"bal","base","ok","ok","ok",1569,955,1.64293193717277,9395.95841915076,9395.95842304873,2.537676666,1.523347532,0.0016173847456979,0.00159512830575916
"lmm_q8q2x_g30000p5_bal_base","gaussian","q8q2x",40,30000,"bal","base","timeout","timeout","timeout",0,0,NA,NA,NA,30,60,30,60
"lmm_q8q2x_g30000p20_bal_base","gaussian","q8q2x",40,30000,"bal","base","ok","ok","ok",2536,1869,1.35687533440342,91094.4606930706,91094.4609309239,34.894053359,30.142655091,0.0137594847630126,0.0161276913274478
"lmm_q8q2x_g30000p20_skew_base","gaussian","q8q2x",40,30000,"skew","base","ok","ok","ok",1291,1766,0.731030577576444,77884.1970210162,77884.1971019931,15.847329949,28.369172097,0.012275236211464,0.0160640838601359
"lmm_q8q2x_g30000p20_single_base","gaussian","q8q2x",40,30000,"single","base","timeout","timeout","timeout",0,0,NA,NA,NA,30,60,30,60
"lmm_q8q2x_g30000p20_bal_nearzero","gaussian","q8q2x",40,30000,"bal","nearzero","ok","ok","ok",5017,2161,2.32161036557149,88030.7857462909,88030.7862864627,68.610864103,34.921319522,0.013675675523819,0.016159796169366
"lmm_q8q2x_g30000p20_bal_highcorr","gaussian","q8q2x",40,30000,"bal","highcorr","timeout","timeout","timeout",0,0,NA,NA,NA,30,60,30,60
"lmm_q8q2x_g30000p20_bal_lowsnr","gaussian","q8q2x",40,30000,"bal","lowsnr","ok","ok","ok",1886,1450,1.30068965517241,159871.040849572,159871.040858574,25.95517756,23.452974997,0.0137620241569459,0.0161744655151724
"lmm_q8q2x_g30000p100_bal_base","gaussian","q8q2x",40,30000,"bal","base","ok","ok","ok",2533,2169,1.16781927155371,65906.328720313,65906.3287524183,8.899237137,6.898641127,0.00351331904342677,0.00318056299077916
"lmm_q8q2x_g30000p100_skew_base","gaussian","q8q2x",40,30000,"skew","base","ok","ok","ok",1593,781,2.03969270166453,64345.9759610143,64345.9762632559,5.030851788,2.47767225,0.00315809905084746,0.00317243565941101
"lmm_q8q2x_g30000p100_single_base","gaussian","q8q2x",40,30000,"single","base","timeout","timeout","timeout",0,0,NA,NA,NA,30,60,30,60
"lmm_q8q2x_g30000p100_bal_nearzero","gaussian","q8q2x",40,30000,"bal","nearzero","ok","ok","ok",8080,3980,2.03015075376884,65340.5480140755,65340.5511955962,28.705464673,12.678504186,0.00355265651893564,0.00318555381557789
"lmm_q8q2x_g30000p100_bal_highcorr","gaussian","q8q2x",40,30000,"bal","highcorr","ok","ok","ok",3999,2433,1.64364981504316,62917.6067830282,62917.6073280356,14.219337203,7.739273687,0.00355572323155789,0.00318095918084669
"lmm_q8q2x_g30000p100_bal_lowsnr","gaussian","q8q2x",40,30000,"bal","lowsnr","ok","ok","ok",5695,1652,3.44733656174334,155852.814334639,155852.814346068,20.161142904,5.24552159,0.00354014800772608,0.00317525519975787
"binb_int1_g300p20_bal_base","binomial","int1",1,300,"bal","base","ok","ok","ok",38,30,1.26666666666667,374.567585776977,374.567585777001,0.001755974,0.003166892,4.62098421052632e-05,0.000105563066666667
"binb_int1_g300p20_skew_base","binomial","int1",1,300,"skew","base","ok","ok","ok",39,41,0.951219512195122,379.934139689384,379.934139689976,0.001292943,0.004165139,3.31523846153846e-05,0.000101588756097561
"binb_int1_g300p20_bal_rare","binomial","int1",1,300,"bal","rare","ok","ok","ok",73,55,1.32727272727273,45.3546799153206,45.3546799155523,0.002001588,0.008277432,2.74190136986301e-05,0.000150498763636364
"binb_int1_g300p20_bal_nearzero","binomial","int1",1,300,"bal","nearzero","ok","ok","ok",35,39,0.897435897435897,366.099773972825,366.099773972824,0.00120647,0.003963876,3.44705714285714e-05,0.000101637846153846
"bina_int1_g300p20_bal_base","binomial","int1",1,300,"bal","base","ok","ok","ok",41,39,1.05128205128205,370.40934974004,370.409349741527,0.003791817,0.006050915,9.24833414634146e-05,0.000155151666666667
"bina_int1_g300p20_skew_base","binomial","int1",1,300,"skew","base","ok","ok","ok",48,43,1.11627906976744,412.948838145206,412.948838145227,0.004184509,0.006668856,8.71772708333333e-05,0.000155089674418605
"bina_int1_g300p20_bal_rare","binomial","int1",1,300,"bal","rare","ok","ok","ok",47,39,1.20512820512821,271.669063293429,271.669063293707,0.003870724,0.005249311,8.2355829787234e-05,0.000134597717948718
"bina_int1_g300p20_bal_nearzero","binomial","int1",1,300,"bal","nearzero","ok","ok","ok",37,50,0.74,358.950334929964,358.950334930618,0.003267649,0.00600475,8.83148378378378e-05,0.000120095
"pois_int1_g300p20_bal_base","poisson","int1",1,300,"bal","base","ok","ok","ok",49,42,1.16666666666667,336.801098696282,336.801098696679,0.004187758,0.006481304,8.54644489795918e-05,0.000154316761904762
"binb_int1_g3000p20_bal_base","binomial","int1",1,3000,"bal","base","ok","ok","ok",33,37,0.891891891891892,3697.91588754948,3697.91588755023,0.012047939,0.029480089,0.000365089060606061,0.000796759162162162
"bina_int1_g3000p20_bal_base","binomial","int1",1,3000,"bal","base","ok","ok","ok",41,46,0.891304347826087,3778.40601896331,3778.40601896321,0.041845398,0.050689662,0.00102061946341463,0.00110194917391304
"pois_int1_g3000p20_bal_base","poisson","int1",1,3000,"bal","base","ok","ok","ok",36,57,0.631578947368421,3612.24994185867,3612.24994185866,0.036601501,0.071587345,0.00101670836111111,0.00125591833333333
"binb_int1_g3000p100_bal_base","binomial","int1",1,3000,"bal","base","ok","ok","ok",50,47,1.06382978723404,3630.09676321165,3630.09676321165,0.012512852,0.03420878,0.00025025704,0.000727846382978723
"bina_int1_g3000p100_bal_base","binomial","int1",1,3000,"bal","base","ok","ok","ok",47,38,1.23684210526316,3437.7557231851,3437.75572318506,0.041885024,0.041155105,0.000891170723404255,0.00108302907894737
"pois_int1_g3000p100_bal_base","poisson","int1",1,3000,"bal","base","ok","ok","ok",52,55,0.945454545454545,3359.86945499598,3359.86945499598,0.042312745,0.049493843,0.000813706634615385,0.000899888054545455
"binb_int2x_g300p20_bal_base","binomial","int2x",2,300,"bal","base","ok","ok","ok",53,48,1.10416666666667,366.439276990698,366.439276991072,0.004112266,0.008073993,7.75899245283019e-05,0.0001682081875
"binb_int2x_g300p20_skew_base","binomial","int2x",2,300,"skew","base","ok","ok","ok",49,57,0.859649122807018,374.260922530932,374.260922530968,0.003515689,0.00929875,7.17487551020408e-05,0.000163135964912281
"binb_int2x_g300p20_bal_rare","binomial","int2x",2,300,"bal","rare","ok","ok","ok",70,48,1.45833333333333,83.0977046274528,83.0977046276115,0.004729029,0.008572101,6.75575571428571e-05,0.0001785854375
"binb_int2x_g300p20_bal_nearzero","binomial","int2x",2,300,"bal","nearzero","ok","ok","ok",49,49,1,359.081682381883,359.08168238188,0.003744314,0.008444257,7.64145714285714e-05,0.000172331775510204
"bina_int2x_g300p20_bal_base","binomial","int2x",2,300,"bal","base","ok","ok","ok",72,73,0.986301369863014,378.537348643117,378.537348673838,0.010132116,0.014637598,0.000140723833333333,0.00020051504109589
"bina_int2x_g300p20_skew_base","binomial","int2x",2,300,"skew","base","ok","ok","ok",64,70,0.914285714285714,399.033605069733,399.033605069783,0.009238777,0.014279237,0.000144355890625,0.0002039891
"bina_int2x_g300p20_bal_rare","binomial","int2x",2,300,"bal","rare","ok","ok","ok",56,60,0.933333333333333,238.683352161596,238.683352163404,0.007885522,0.012757734,0.000140812892857143,0.0002126289
"bina_int2x_g300p20_bal_nearzero","binomial","int2x",2,300,"bal","nearzero","ok","ok","ok",68,72,0.944444444444444,343.236674925708,343.236674925757,0.010096752,0.014569864,0.000148481647058824,0.000202359222222222
"pois_int2x_g300p20_bal_base","poisson","int2x",2,300,"bal","base","ok","ok","ok",88,72,1.22222222222222,379.075112731636,379.075112732324,0.010350498,0.017874528,0.000117619295454545,0.000248257333333333
"pois_int2x_g300p20_skew_base","poisson","int2x",2,300,"skew","base","ok","ok","ok",55,71,0.774647887323944,332.838560900992,332.838560900997,0.007534794,0.016057041,0.000136996254545455,0.000226155507042254
"pois_int2x_g300p20_bal_lowmu","poisson","int2x",2,300,"bal","lowmu","ok","ok","ok",65,64,1.015625,322.019909186111,322.019909186389,0.008568915,0.013705298,0.000131829461538462,0.00021414528125
"pois_int2x_g300p20_bal_nearzero","poisson","int2x",2,300,"bal","nearzero","ok","ok","ok",55,69,0.797101449275362,341.693467674854,341.693467675561,0.00761097,0.015185884,0.000138381272727273,0.000220085275362319
"binb_int2x_g3000p20_bal_base","binomial","int2x",2,3000,"bal","base","ok","ok","ok",53,52,1.01923076923077,3690.1035432102,3690.10354323731,0.059448856,0.0593658,0.00112167652830189,0.00114165
"bina_int2x_g3000p20_bal_base","binomial","int2x",2,3000,"bal","base","ok","ok","ok",66,75,0.88,3912.94460878943,3912.94460878805,0.140004396,0.126551275,0.00212127872727273,0.00168735033333333
"pois_int2x_g3000p20_bal_base","poisson","int2x",2,3000,"bal","base","ok","ok","ok",65,101,0.643564356435644,3769.96560915537,3769.9656091556,0.116243997,0.178579164,0.00178836918461538,0.00176811053465347
"binb_int2x_g3000p100_bal_base","binomial","int2x",2,3000,"bal","base","ok","ok","ok",59,61,0.967213114754098,3525.93738231399,3525.93738231442,0.038696364,0.067532326,0.000655870576271186,0.00110708731147541
"bina_int2x_g3000p100_bal_base","binomial","int2x",2,3000,"bal","base","ok","ok","ok",77,80,0.9625,3467.12260253533,3467.12260253541,0.115464128,0.100487671,0.00149953412987013,0.0012560958875
"pois_int2x_g3000p100_bal_base","poisson","int2x",2,3000,"bal","base","ok","ok","ok",75,74,1.01351351351351,3280.3969888555,3280.39698885629,0.089562905,0.110703879,0.00119417206666667,0.00149599836486487
"binb_nest2_g300p20_bal_base","binomial","nest2",2,300,"bal","base","ok","ok","ok",48,63,0.761904761904762,375.9475264667,375.947526466711,0.003989239,0.008619587,8.31091458333333e-05,0.000136818841269841
"bina_nest2_g300p20_bal_base","binomial","nest2",2,300,"bal","base","ok","ok","ok",53,71,0.746478873239437,397.200783169788,397.200783169772,0.009132771,0.017069149,0.000172316433962264,0.000240410549295775
"bina_nest2_g300p20_skew_base","binomial","nest2",2,300,"skew","base","ok","ok","ok",70,74,0.945945945945946,353.066592222316,353.066592223708,0.010483692,0.014434437,0.000149767028571429,0.000195059959459459
"bina_nest2_g300p20_bal_rare","binomial","nest2",2,300,"bal","rare","ok","ok","ok",61,53,1.15094339622642,238.240984184427,238.240984185163,0.009461643,0.012683214,0.000155108901639344,0.000239305924528302
"bina_nest2_g300p20_bal_nearzero","binomial","nest2",2,300,"bal","nearzero","ok","ok","ok",55,64,0.859375,409.961162749298,409.961162756269,0.009293657,0.013112604,0.000168975581818182,0.0002048844375
"pois_nest2_g300p20_bal_base","poisson","nest2",2,300,"bal","base","ok","ok","ok",79,64,1.234375,424.042999283067,424.042999283558,0.010500146,0.013331882,0.000132913240506329,0.00020831065625
"pois_nest2_g300p20_skew_base","poisson","nest2",2,300,"skew","base","ok","ok","ok",91,66,1.37878787878788,414.038182678686,414.038182679072,0.011635188,0.016134108,0.000127859208791209,0.000244456181818182
"pois_nest2_g300p20_bal_lowmu","poisson","nest2",2,300,"bal","lowmu","ok","ok","ok",62,75,0.826666666666667,330.848076414212,330.848076414451,0.008807427,0.014053868,0.000142055274193548,0.000187384906666667
"pois_nest2_g300p20_bal_nearzero","poisson","nest2",2,300,"bal","nearzero","ok","ok","ok",62,65,0.953846153846154,380.357316127395,380.357316127447,0.008975262,0.013126174,0.000144762290322581,0.000201941138461538
"binb_nest2_g3000p20_bal_base","binomial","nest2",2,3000,"bal","base","ok","ok","ok",48,51,0.941176470588235,3780.30914109818,3780.30914109864,0.083766715,0.056191297,0.00174513989583333,0.0011017901372549
"binb_nest2_g3000p20_skew_base","binomial","nest2",2,3000,"skew","base","ok","ok","ok",48,60,0.8,3533.5939864492,3533.5939864492,0.083722651,0.064173445,0.00174422189583333,0.00106955741666667
"binb_nest2_g3000p20_bal_rare","binomial","nest2",2,3000,"bal","rare","ok","ok","ok",58,56,1.03571428571429,897.916267992377,897.916267992729,0.088813671,0.070524343,0.00153127018965517,0.00125936326785714
"binb_nest2_g3000p20_bal_nearzero","binomial","nest2",2,3000,"bal","nearzero","ok","ok","ok",50,53,0.943396226415094,3748.32109635783,3748.32109635785,0.077677048,0.04976389,0.00155354096,0.000938941320754717
"bina_nest2_g3000p20_bal_base","binomial","nest2",2,3000,"bal","base","ok","ok","ok",52,64,0.8125,4107.83434643421,4107.83434643466,0.14849194,0.106245437,0.00285561423076923,0.001660084953125
"pois_nest2_g3000p20_bal_base","poisson","nest2",2,3000,"bal","base","ok","ok","ok",55,65,0.846153846153846,3912.47873860849,3912.47873860906,0.129238908,0.129400493,0.00234979832727273,0.00199077681538462
"binb_nest2_g3000p100_bal_base","binomial","nest2",2,3000,"bal","base","ok","ok","ok",48,59,0.813559322033898,3727.40414407879,3727.40414409129,0.037319436,0.058923978,0.00077748825,0.000998711491525424
"bina_nest2_g3000p100_bal_base","binomial","nest2",2,3000,"bal","base","ok","ok","ok",138,72,1.91666666666667,3523.63168574784,3523.63168587087,0.177412504,0.109601863,0.00128559785507246,0.00152224809722222
"pois_nest2_g3000p100_bal_base","poisson","nest2",2,3000,"bal","base","ok","ok","ok",108,73,1.47945205479452,3477.36422069954,3477.3642206971,0.125374993,0.115933716,0.00116087956481481,0.00158813309589041
"binb_q2s_g300p20_bal_base","binomial","q2s",3,300,"bal","base","ok","ok","ok",86,59,1.45762711864407,362.199410020316,362.199410023463,0.004871724,0.010391599,5.66479534883721e-05,0.000176128796610169
"bina_q2s_g300p20_bal_base","binomial","q2s",3,300,"bal","base","ok","ok","ok",93,69,1.34782608695652,439.245231152513,439.245231158544,0.010875256,0.016516862,0.00011693823655914,0.000239374811594203
"pois_q2s_g300p20_bal_base","poisson","q2s",3,300,"bal","base","ok","ok","ok",96,83,1.1566265060241,385.389441286166,385.389441287339,0.011249736,0.02031334,0.00011718475,0.000244739036144578
"pois_q2s_g300p20_skew_base","poisson","q2s",3,300,"skew","base","ok","ok","ok",101,88,1.14772727272727,372.614999203902,372.614999204857,0.012117098,0.026075775,0.000119971267326733,0.000296315625
"pois_q2s_g300p20_bal_lowmu","poisson","q2s",3,300,"bal","lowmu","ok","ok","ok",101,69,1.46376811594203,333.87957118483,333.879571185013,0.011526604,0.016778431,0.000114124792079208,0.000243165666666667
"pois_q2s_g300p20_bal_nearzero","poisson","q2s",3,300,"bal","nearzero","ok","ok","ok",115,106,1.08490566037736,362.330825507523,362.330825546091,0.01210717,0.022957174,0.000105279739130435,0.000216577113207547
"binb_q2s_g3000p20_bal_base","binomial","q2s",3,3000,"bal","base","ok","ok","ok",81,74,1.09459459459459,3759.04683457058,3759.04683457056,0.054245218,0.108760873,0.000669694049382716,0.00146974152702703
"binb_q2s_g3000p20_skew_base","binomial","q2s",3,3000,"skew","base","ok","ok","ok",86,76,1.13157894736842,3664.45314178322,3664.45314178333,0.046079841,0.121967759,0.000535812104651163,0.00160483893421053
"binb_q2s_g3000p20_bal_rare","binomial","q2s",3,3000,"bal","rare","ok","ok","ok",112,110,1.01818181818182,864.720619579587,864.720619581392,0.046798159,0.114496729,0.000417840705357143,0.00104087935454545
"binb_q2s_g3000p20_bal_nearzero","binomial","q2s",3,3000,"bal","nearzero","ok","ok","ok",78,69,1.1304347826087,3637.737899377,3637.73789940174,0.041140124,0.086864714,0.000527437487179487,0.00125890889855072
"bina_q2s_g3000p20_bal_base","binomial","q2s",3,3000,"bal","base","ok","ok","ok",89,91,0.978021978021978,3922.2728252709,3922.27282527186,0.115226244,0.193862878,0.0012946768988764,0.0021303612967033
"bina_q2s_g3000p20_skew_base","binomial","q2s",3,3000,"skew","base","ok","ok","ok",89,77,1.15584415584416,3800.29264240703,3800.29264240771,0.113097101,0.159830973,0.00127075394382022,0.00207572692207792
"bina_q2s_g3000p20_bal_rare","binomial","q2s",3,3000,"bal","rare","ok","ok","ok",104,69,1.50724637681159,2588.24063957422,2588.24063962004,0.109874745,0.129355674,0.00105648793269231,0.00187471991304348
"bina_q2s_g3000p20_bal_nearzero","binomial","q2s",3,3000,"bal","nearzero","ok","ok","ok",114,79,1.44303797468354,3813.07810144597,3813.07810147271,0.135149904,0.15041543,0.00118552547368421,0.00190399278481013
"pois_q2s_g3000p20_bal_base","poisson","q2s",3,3000,"bal","base","mismatch","ok","ok",96,326,0.294478527607362,3993.16434404663,4022.01506989621,0.121473626,0.854540773,0.00126535027083333,0.00262129071472393
"binb_q2s_g3000p100_bal_base","binomial","q2s",3,3000,"bal","base","ok","ok","ok",95,74,1.28378378378378,3637.13944066552,3637.13944066823,0.042123641,0.078735488,0.000443406747368421,0.00106399308108108
"bina_q2s_g3000p100_bal_base","binomial","q2s",3,3000,"bal","base","ok","ok","ok",97,115,0.843478260869565,3531.05231573542,3531.05231573561,0.118272463,0.163709347,0.00121930374226804,0.00142355953913043
"pois_q2s_g3000p100_bal_base","poisson","q2s",3,3000,"bal","base","mismatch","ok","ok",89,223,0.399103139013453,3418.55040950744,3438.32878833403,0.104597214,0.406939013,0.00117524959550562,0.00182483862331839
"binb_cross4_g300p20_bal_base","binomial","cross4",4,300,"bal","base","ok","ok","ok",92,87,1.05747126436782,342.83979644507,342.839796445298,0.017005687,0.026575038,0.000184844423913043,0.000305460206896552
"bina_cross4_g300p20_bal_base","binomial","cross4",4,300,"bal","base","ok","ok","ok",143,106,1.34905660377358,357.910711263506,357.910711507898,0.040794186,0.040877692,0.000285274027972028,0.000385638603773585
"pois_cross4_g300p20_bal_base","poisson","cross4",4,300,"bal","base","ok","ok","ok",127,144,0.881944444444444,416.247852916491,416.24785292169,0.035732839,0.06155488,0.000281360937007874,0.000427464444444444
"binb_cross4_g3000p20_bal_base","binomial","cross4",4,3000,"bal","base","ok","ok","ok",106,102,1.03921568627451,3591.55981704326,3591.55981712006,0.567797604,0.23705026,0.00535658116981132,0.00232402215686275
"binb_cross4_g3000p20_skew_base","binomial","cross4",4,3000,"skew","base","ok","ok","ok",107,95,1.12631578947368,3673.79091338972,3673.79091339036,0.505383157,0.220564268,0.00472320707476636,0.00232172913684211
"binb_cross4_g3000p20_bal_rare","binomial","cross4",4,3000,"bal","rare","ok","ok","ok",106,88,1.20454545454545,874.225549411062,874.225549413627,0.554196798,0.277081085,0.00522827167924528,0.00314864869318182
"binb_cross4_g3000p20_bal_nearzero","binomial","cross4",4,3000,"bal","nearzero","ok","ok","ok",121,94,1.28723404255319,3618.37752020883,3618.37752020942,0.608842405,0.218273756,0.00503175541322314,0.00232206123404255
"bina_cross4_g3000p20_bal_base","binomial","cross4",4,3000,"bal","base","ok","ok","ok",129,121,1.06611570247934,3971.55633072168,3971.55633072993,0.801838954,0.372986731,0.00621580584496124,0.00308253496694215
"bina_cross4_g3000p20_skew_base","binomial","cross4",4,3000,"skew","base","ok","ok","ok",142,128,1.109375,3895.22339699408,3895.22339701741,0.792180244,0.392770769,0.00557873411267606,0.0030685216328125
"bina_cross4_g3000p20_bal_rare","binomial","cross4",4,3000,"bal","rare","ok","ok","ok",112,107,1.04672897196262,2787.50455408506,2787.5045540993,0.693982131,0.359700013,0.00619626902678571,0.00336168236448598
"bina_cross4_g3000p20_bal_nearzero","binomial","cross4",4,3000,"bal","nearzero","ok","ok","ok",197,159,1.23899371069182,3538.44884343922,3538.44884344946,1.064602142,0.407604183,0.00540407178680203,0.00256354832075472
"pois_cross4_g3000p20_bal_base","poisson","cross4",4,3000,"bal","base","ok","ok","ok",147,157,0.936305732484076,3862.57949973107,3862.57949978943,0.809762893,0.639579565,0.00550859110884354,0.0040737551910828
"pois_cross4_g3000p20_skew_base","poisson","cross4",4,3000,"skew","base","ok","ok","ok",186,120,1.55,3589.91178762603,3589.91178762808,0.88991922,0.535285261,0.00478451193548387,0.00446071050833333
"pois_cross4_g3000p20_bal_lowmu","poisson","cross4",4,3000,"bal","lowmu","ok","ok","ok",129,144,0.895833333333333,3193.60661381469,3193.60661382243,0.736683552,0.508762336,0.00571072520930233,0.00353307177777778
"pois_cross4_g3000p20_bal_nearzero","poisson","cross4",4,3000,"bal","nearzero","ok","ok","ok",195,244,0.799180327868853,3516.8507302633,3516.85072905943,0.964936493,0.8616079,0.00494839227179487,0.00353117991803279
"binb_cross4_g3000p100_bal_base","binomial","cross4",4,3000,"bal","base","ok","ok","ok",117,86,1.36046511627907,3592.14910180798,3592.14910185335,0.228093486,0.132521656,0.00194951697435897,0.00154094948837209
"bina_cross4_g3000p100_bal_base","binomial","cross4",4,3000,"bal","base","ok","ok","ok",144,215,0.669767441860465,3524.58272920711,3524.58272920949,0.418444631,0.461448179,0.00290586549305556,0.0021462706
"pois_cross4_g3000p100_bal_base","poisson","cross4",4,3000,"bal","base","ok","ok","ok",140,255,0.549019607843137,3186.57386270915,3186.57386278356,0.364414049,0.602599567,0.00260295749285714,0.00236313555686274
"binb_nest2s_g300p20_bal_base","binomial","nest2s",4,300,"bal","base","ok","ok","engine-fail",95,0,NA,377.543625586639,NA,0.012778447,0,0.000134509968421053,0
"bina_nest2s_g300p20_bal_base","binomial","nest2s",4,300,"bal","base","ok","ok","engine-fail",116,0,NA,480.531976741173,NA,0.025109901,0,0.000216464663793103,0
"pois_nest2s_g300p20_bal_base","poisson","nest2s",4,300,"bal","base","ok","ok","engine-fail",115,0,NA,439.030185015169,NA,0.023569019,0,0.000204947991304348,0
"binb_nest2s_g3000p20_bal_base","binomial","nest2s",4,3000,"bal","base","ok","ok","engine-fail",158,0,NA,3826.74831422699,NA,0.241166389,0,0.00152636955063291,0
"bina_nest2s_g3000p20_bal_base","binomial","nest2s",4,3000,"bal","base","ok","ok","engine-fail",118,0,NA,4569.687827659,NA,0.326822898,0,0.00276968557627119,0
"bina_nest2s_g3000p20_skew_base","binomial","nest2s",4,3000,"skew","base","ok","ok","engine-fail",118,0,NA,4106.5725569472,NA,0.340013907,0,0.00288147378813559,0
"bina_nest2s_g3000p20_bal_rare","binomial","nest2s",4,3000,"bal","rare","ok","ok","engine-fail",115,0,NA,2631.55271945673,NA,0.288536227,0,0.00250901066956522,0
"bina_nest2s_g3000p20_bal_nearzero","binomial","nest2s",4,3000,"bal","nearzero","ok","ok","engine-fail",124,0,NA,4197.5890452102,NA,0.343845972,0,0.00277295138709677,0
"pois_nest2s_g3000p20_bal_base","poisson","nest2s",4,3000,"bal","base","ok","ok","engine-fail",121,0,NA,4498.19620624292,NA,0.307253125,0,0.00253928202479339,0
"pois_nest2s_g3000p20_skew_base","poisson","nest2s",4,3000,"skew","base","ok","ok","engine-fail",117,0,NA,4020.17421809203,NA,0.291187568,0,0.00248878263247863,0
"pois_nest2s_g3000p20_bal_lowmu","poisson","nest2s",4,3000,"bal","lowmu","ok","ok","engine-fail",107,0,NA,3486.874814071,NA,0.276544025,0,0.00258452359813084,0
"pois_nest2s_g3000p20_bal_nearzero","poisson","nest2s",4,3000,"bal","nearzero","ok","ok","engine-fail",141,0,NA,4069.95742386529,NA,0.320204817,0,0.00227095614893617,0
"binb_nest2s_g3000p100_bal_base","binomial","nest2s",4,3000,"bal","base","ok","ok","engine-fail",110,0,NA,3533.10496738422,NA,0.120964309,0,0.00109967553636364,0
"binb_nest2s_g3000p100_skew_base","binomial","nest2s",4,3000,"skew","base","ok","ok","engine-fail",107,0,NA,3447.35456988778,NA,0.118180656,0,0.00110449211214953,0
"binb_nest2s_g3000p100_bal_rare","binomial","nest2s",4,3000,"bal","rare","ok","ok","engine-fail",236,0,NA,762.368014257216,NA,0.213193187,0,0.000903360961864407,0
"binb_nest2s_g3000p100_bal_nearzero","binomial","nest2s",4,3000,"bal","nearzero","ok","ok","engine-fail",120,0,NA,3685.44276169341,NA,0.120548751,0,0.001004572925,0
"bina_nest2s_g3000p100_bal_base","binomial","nest2s",4,3000,"bal","base","ok","ok","engine-fail",120,0,NA,3593.20991789789,NA,0.258191953,0,0.00215159960833333,0
"pois_nest2s_g3000p100_bal_base","poisson","nest2s",4,3000,"bal","base","ok","ok","engine-fail",241,0,NA,3571.74118428477,NA,0.377525074,0,0.00156649408298755,0
"binb_cross6_g300p20_bal_base","binomial","cross6",6,300,"bal","base","ok","ok","ok",157,131,1.19847328244275,363.877606926907,363.877606927225,0.058951786,0.065253827,0.000375489082802548,0.000498120816793893
"bina_cross6_g300p20_bal_base","binomial","cross6",6,300,"bal","base","ok","ok","ok",209,170,1.22941176470588,463.774217966958,463.774218774584,0.100776354,0.103615613,0.000482183511961722,0.000609503605882353
"pois_cross6_g300p20_bal_base","poisson","cross6",6,300,"bal","base","ok","ok","ok",244,235,1.03829787234043,498.974548187103,498.974548191795,0.113303865,0.194678939,0.000464360102459016,0.000828421017021277
"binb_cross6_g3000p20_bal_base","binomial","cross6",6,3000,"bal","base","ok","ok","ok",151,101,1.4950495049505,3673.13547849725,3673.13547866643,2.319082894,0.455018585,0.0153581648609272,0.00450513450495049
"bina_cross6_g3000p20_bal_base","binomial","cross6",6,3000,"bal","base","ok","ok","ok",255,164,1.55487804878049,4195.81910069935,4195.81910073164,3.588463241,0.886582291,0.0140724048666667,0.00540598957926829
"pois_cross6_g3000p20_bal_base","poisson","cross6",6,3000,"bal","base","ok","ok","ok",252,231,1.09090909090909,3989.13301790398,3989.1330179671,3.445083789,1.867438074,0.0136709674166667,0.00808414750649351
"pois_cross6_g3000p20_skew_base","poisson","cross6",6,3000,"skew","base","ok","ok","ok",260,239,1.08786610878661,3809.36690505974,3809.36690510433,3.0360891,1.938211749,0.0116772657692308,0.00810967258995816
"pois_cross6_g3000p20_bal_lowmu","poisson","cross6",6,3000,"bal","lowmu","ok","ok","ok",253,178,1.42134831460674,3595.66011177009,3595.6601117733,3.453645149,1.437160175,0.0136507713399209,0.00807393356741573
"pois_cross6_g3000p20_bal_nearzero","poisson","cross6",6,3000,"bal","nearzero","ok","ok","ok",287,360,0.797222222222222,3524.98990817996,3524.98990835885,3.589427496,2.488364726,0.0125067160139373,0.00691212423888889
"binb_cross6_g3000p100_bal_base","binomial","cross6",6,3000,"bal","base","ok","ok","ok",182,124,1.46774193548387,3375.51249370435,3375.51249370799,0.765293394,0.339369341,0.00420490875824176,0.00273684952419355
"binb_cross6_g3000p100_skew_base","binomial","cross6",6,3000,"skew","base","ok","ok","ok",179,144,1.24305555555556,3323.2930639849,3323.29306398625,0.706244846,0.394343688,0.00394550193296089,0.00273849783333333
"binb_cross6_g3000p100_bal_rare","binomial","cross6",6,3000,"bal","rare","ok","ok","ok",157,119,1.31932773109244,794.915222991762,794.91522299701,0.68470801,0.381806134,0.00436119751592357,0.00320845490756303
"binb_cross6_g3000p100_bal_nearzero","binomial","cross6",6,3000,"bal","nearzero","ok","ok","ok",171,141,1.21276595744681,3613.23849688889,3613.23849690038,0.724671492,0.33537495,0.00423784498245614,0.00237854574468085
"bina_cross6_g3000p100_bal_base","binomial","cross6",6,3000,"bal","base","ok","ok","ok",336,346,0.971098265895954,3626.56196441706,3626.56196466608,1.521964267,1.075741986,0.00452965555654762,0.00310908088439306
"bina_cross6_g3000p100_skew_base","binomial","cross6",6,3000,"skew","base","ok","ok","ok",415,199,2.08542713567839,3703.92849025586,3703.92849027165,1.653780692,0.641945507,0.00398501371566265,0.00322585681909548
"bina_cross6_g3000p100_bal_rare","binomial","cross6",6,3000,"bal","rare","ok","ok","ok",214,210,1.01904761904762,2474.87979293738,2474.87979294685,1.035022114,0.783196687,0.00483655193457944,0.00372950803333333
"bina_cross6_g3000p100_bal_nearzero","binomial","cross6",6,3000,"bal","nearzero","ok","ok","ok",389,266,1.46240601503759,3645.11718892245,3645.11718933054,1.614968802,0.706146126,0.00415159075064267,0.00265468468421053
"pois_cross6_g3000p100_bal_base","poisson","cross6",6,3000,"bal","base","ok","ok","ok",259,226,1.14601769911504,3280.42768020371,3280.42768055595,1.144714469,1.049662961,0.00441974698455598,0.00464452637610619
