"y","x1","x2","x3","x4","gp","ge"
1.02802759037725,-0.359570038108612,-0.187389274028904,-0.256415713855791,0.694883061953378,"11","2"
3.82571748508138,0.0947195831462982,0.33840029964738,0.302375819078455,0.189335727706713,"3","30"
4.99705739005341,-1.79935171842342,-0.370900379276429,0.372876627524877,-0.427019313639,"5","32"
1.41852807385382,2.39856974451033,-0.0260221553358849,-1.00636488754178,-2.53767837357321,"8","38"
50.78132751399,0.456626265114277,0.420935942683752,0.13279692953228,-1.68837447078532,"15","11"
1.34072366999881,0.599372977517156,1.53180608627248,0.0130455633792366,-0.0109313665973903,"16","16"
0.526589302334527,-1.97581928671355,-0.137250120881529,-0.761325462471071,-0.141495723308704,"11","27"
0.131089340722392,-1.29660803400415,0.506841449842382,2.0994603845449,-1.19939483889641,"20","36"
6.0197299256409,0.158525348679925,-0.321197329778671,0.43234738303224,1.3367005579107,"3","24"
0.953554051557549,-0.125616047080654,0.35678374030646,-0.396942567327166,1.00401167681692,"14","19"
0.517437021751611,-1.1534439254835,-0.354029606502835,-0.986693235328536,0.431811811367415,"1","35"
7.42160517229823,-1.13215340435969,0.835374334033588,0.117892610131137,-0.723471244580046,"15","1"
1.35032225311148,-0.781828676977618,-0.274805826601147,0.561773480180968,0.132361957531045,"9","23"
0.202744836426722,-0.688287064987501,-1.04239063802718,0.529477687226315,-0.402878992804811,"2","3"
0.180353958560476,-0.492290039952249,0.823809663247888,-0.127565947693374,-0.728936104899174,"20","30"
1.82827556534768,-0.132709018464896,0.619812227859035,-0.412411324995587,0.306378353809793,"13","34"
0.195427728144874,-1.69748256058925,0.458846511378282,1.18348326665339,1.2588316334807,"1","33"
11.0996961822115,0.905905462674284,-0.267023923817797,0.410642595275169,2.06182138039545,"8","25"
0.264684068038067,0.335620772835454,-1.26401658291041,-0.425718893326737,1.50870850465846,"7","13"
1.72111225242059,0.444562722216095,-1.64252302735852,-1.84732979169876,-1.25331149662574,"19","1"
16.9881281056246,-0.747371621333798,-2.34855485202219,-2.14136810348564,-0.135500628740497,"4","39"
5.42731408735818,0.0552282346492905,0.364361391601871,-0.251829915681073,-1.75336494031335,"19","40"
0.0684839538548236,-1.25070580864325,0.547344946577555,-0.418922620612913,0.3664171472524,"2","16"
4.30849445381389,-1.17405296329427,-1.30194597577454,0.79103803566873,1.07854418387338,"10","28"
0.563818374011819,0.291206367881692,-0.120636727797681,-1.46740132839326,-0.975660408674485,"10","19"
0.642836788916132,0.340453002903804,1.5398323142668,-1.48355868743496,1.61886172262716,"5","16"
0.385789237284341,-0.278827423894721,0.729485152294389,-0.166300228329469,-0.562785774176506,"16","16"
13.6453934045292,1.44478777365408,0.899695562287266,0.424052922523042,0.424960706476473,"5","16"
0.0971499689144406,-0.780708917905357,-0.687328145361901,-1.90496175492253,-1.0785475440375,"18","40"
3.52995515006237,-0.391222233335962,-0.943768901544715,0.570812408014253,-1.4752797252385,"10","35"
1.06489584260327,-0.287603980811856,0.487753501564766,0.486590085811199,-0.123472522242349,"3","17"
0.73943984977589,-0.132185671403721,0.69638275225776,-0.481275175284717,-0.17351378333939,"19","19"
0.3447957539615,-0.668030933063266,-0.48943134183229,0.103478518474325,-0.213741623259815,"19","31"
0.454610772591799,-1.83870305381199,0.616174577199396,-0.849450826805598,0.390589116520843,"5","26"
3.17973258948061,0.0380656431521413,-0.520862828609691,-0.694836421471092,-0.797786463029211,"17","13"
0.428494865385812,0.778729291053104,-0.750109839706248,-0.811796667586332,0.888150554610834,"1","10"
0.217351854914225,-0.367030284646023,1.70129880145009,-1.34657098893206,-0.642825836350803,"10","26"
1.26424363520185,0.292944645296461,-0.145558532958335,-0.364616844363995,-1.57867104539221,"2","30"
0.298301691613438,-0.109386740147765,1.40214594915709,1.01217956351122,1.53816181854636,"9","21"
0.234127169258387,-0.396817662769786,1.52480777382109,-1.58320149113687,0.484745651549795,"4","35"
3.66453316706233,-1.0982643542948,-1.37704814437118,-0.356972972238047,0.864715146396143,"1","13"
6.90426899403702,1.54902440190757,0.234563212114656,0.0589556330715061,0.740645630755579,"10","36"
1.12204397758996,-0.5347598463365,0.778227341459629,-0.773412085390208,0.960690494845666,"3","20"
3.40883350078954,1.18755220314823,0.418891607345602,-1.27558695529616,-0.830865967904819,"19","35"
2.36026551063981,1.03787545261331,-0.129769673220329,0.484463291921176,0.292060317526394,"12","32"
0.204399252045758,0.115285373254601,-0.665971711364412,0.830198808727645,-1.04566284535742,"7","33"
5.64815883031075,1.66774171714982,0.831737308305749,0.373049082978512,0.401729987029169,"13","9"
0.0547530712998082,-0.838272317229394,0.373953595932919,-1.72318448835622,-0.534615117670323,"5","33"
0.849861310177913,0.467774945598762,2.08780118014822,0.79773470101129,-1.68802661724236,"12","5"
1.80807695255674,0.613926007506345,-1.47441680383314,0.587452827995721,0.217825420101666,"16","39"
1.21525076688411,0.250370297288189,0.046739791475539,0.480189247780463,-1.09173629110568,"4","22"
0.848217746017108,0.745704688914789,1.24614447817364,-1.75457079185006,-0.960738909832545,"12","16"
1.59433382437863,0.339721631562669,0.212927862825314,1.1157103379558,1.33454754316265,"12","25"
0.465573482482297,-1.13554212008463,1.12836657387689,-0.712635682003576,0.347991686281331,"3","4"
8.10274334807372,0.276826833836865,-0.523297226065815,0.789083649355323,-0.437051716038651,"4","34"
5.29298852819911,-2.62443445670943,-0.574966317343779,0.611550718814135,0.363863273304624,"20","28"
20.9519137080659,2.41108533477168,0.293639503561375,-0.158178261481916,-0.761401221376319,"9","19"
40.1779251936984,1.14377904383007,0.557820961008605,0.339578530495028,0.819469448530896,"14","40"
1.47716461114335,1.52834669405471,0.818922628208262,-0.552336096937694,0.829529316522459,"19","37"
1.16897747861112,-1.10465038848453,-0.250293477756843,-0.256629697717263,1.57268707279725,"20","12"
2.1395006314163,0.381904951459612,0.921044502565682,0.0889441078975058,-1.88443804791336,"12","34"
0.361227258944289,-0.034124520863571,-0.506223042512858,-1.32314099875121,-0.338270079597206,"9","4"
2.9306438400052,-0.535957357894958,-0.42919916229729,0.549350725226428,0.429523063871189,"15","33"
2.35986847683268,2.60646774106113,0.482496476897922,0.787143669081884,-1.09705557093301,"1","39"
0.635050419441025,-0.819295477861877,0.82973530387835,0.0574311035461269,-1.7629600359772,"20","35"
0.47696271011083,-0.228082851302023,-0.917708264949755,1.54188236039708,0.227528124218493,"9","19"
0.159727438575614,-0.519786618183277,0.904255652155476,0.743856158046706,1.03347842473944,"5","10"
0.366566808742425,-1.98422527880647,0.664899835053298,-0.196484005929116,-0.909072773073355,"2","27"
4.67616071499212,-0.994812551070643,0.141311372496752,0.727708416489619,-1.06103834699265,"20","26"
1.28000561018204,0.166720283808402,-0.761725894332578,0.472171715703875,-0.914960170676916,"7","7"
0.396819921653768,0.0597662612665291,0.643639749047308,0.255543646667277,-1.60479261594161,"2","38"
6.58688044457193,0.990758688693867,0.395416207266191,-0.359205988292155,0.377327167118372,"5","8"
3.59023099989822,-0.330504038591922,-0.955653765968609,1.91390004140028,-0.279624230229433,"9","16"
8.69471028582437,-1.99149131243985,-0.187364776643951,0.148763392181474,0.482168991807614,"8","32"
0.309902249319291,-0.679791832460652,-1.31324018153725,0.516000529330162,-0.447190266921671,"7","1"
2.96171222802672,0.19154199780952,1.167917317654,-0.373060856167747,1.93029924343484,"11","29"
0.375058631532903,-0.399541089538128,-0.172087236423983,-0.450325803517752,0.578090718951795,"18","34"
0.0623025995191891,-0.22727599865647,0.791112828752047,0.541510955483146,-0.74918469255279,"16","14"
3.79319191848389,0.651067291881232,0.260195193582062,0.374700034744835,0.935836432072539,"3","40"
6.90417512850219,-0.435977297057548,0.504935079087392,1.35016399232484,-1.62658005451376,"4","26"
1.19271922954848,2.19935238774874,-2.23846087763988,-1.85617168734645,1.06281872425565,"5","28"
1.80121516107067,-1.23328819295526,-0.580064309698705,-0.984370858334778,-1.51044879950995,"9","26"
0.219577721040512,0.769983616243082,-1.2613062457558,0.36418216766129,-0.0891284110903459,"2","13"
1.26831362127112,-0.739655865219572,-1.22521686871906,-0.128671070814556,-0.18306346125452,"16","37"
0.383846217367935,-0.690531887996854,1.24667544106134,0.151589226017637,-0.74809247642158,"2","16"
1.06057885100735,0.8559706105042,-0.226589319963039,0.73811314603618,-1.40581671104734,"19","19"
13.3511869945618,0.0804268298020701,-2.18901394886728,0.665822015240815,-0.721242878293666,"19","6"
0.242320974539014,-0.330052022237049,0.850442646722885,-0.488921186785905,0.43927913139283,"19","12"
0.756403255407778,0.0468590415271339,-1.02350690623656,1.19789688147362,-1.21221148227755,"19","35"
1.25131058582162,-0.820502550965088,0.308790497434831,-0.867466260569801,-0.19782584870058,"8","37"
1.00454193409401,0.455440263733906,0.0347210999305092,-0.772637181255935,1.4999706342705,"14","21"
2.78774363201446,0.443724988685234,-1.39411290712057,0.571243597457482,0.48835436351092,"1","20"
0.133463252012881,0.0428070712846904,-1.05680417581011,0.964931059358641,0.518819140673274,"5","19"
0.377447003308712,-0.869973578171506,0.02363827582658,-0.0428100527921988,-0.0574108542453338,"8","2"
9.83645488700327,1.27893880864457,-0.693207317262361,1.07230265628227,-0.353373152278608,"14","8"
4.4844421656935,-1.45118558700156,-0.582249041161495,0.138838265926678,-1.18495838814028,"15","7"
22.0006041402718,0.14589245374676,-2.07011018526541,1.04518041135243,-0.0744261190466607,"15","6"
6.07426298798835,-0.458931794882565,0.667975121566336,0.319694675299997,0.445013674275329,"14","34"
0.378646560100285,-0.993385019176628,-0.758391852674957,-0.0747848550768429,-1.62536831829813,"15","29"
2.38186361967609,-2.03024741511432,0.903937533175246,-0.603143604095657,-0.607058951174599,"2","40"
2.25090460231413,0.516502287352783,0.859375829424253,0.977438960570869,0.51228180695212,"5","26"
0.430409335055806,-0.579796419150512,0.317422959266371,-0.251109738052119,-1.18208515845938,"18","31"
9.67929110199322,1.34066159173517,0.478583955945339,-0.288354703194405,-0.855391036780116,"9","20"
8.508938685765,2.39979161992021,-0.254255169111552,1.09020214551219,2.52216402741323,"11","24"
0.89628981626372,0.675029071360008,-0.325724907947268,0.294127728055477,0.322144680133814,"5","12"
0.165687227925683,-1.06322039571247,-1.65494451556345,-0.324101778735581,-0.676926589966222,"7","33"
0.594034848041096,0.760293179336646,-1.31235444295296,0.419616433071096,1.90020438814071,"2","9"
0.306079227855109,-0.772015945863675,1.02669404053784,0.194435445044418,0.407642609056241,"17","15"
4.94847746461676,1.2699833789193,-0.0393500734809783,0.0834943632221707,0.931088606905337,"7","20"
6.37679602598504,3.07305469869008,-3.26509942075128,-1.13260730576671,-0.0770055875367891,"18","27"
1.49336318477096,0.190550004145134,0.997377413429394,-1.56777130108546,1.12182933194633,"9","7"
1.63400115205212,0.085731851240881,-0.242465480738077,-1.24463172612213,-1.29068343003163,"9","4"
0.030674459524881,-2.24084009478124,0.798192213127985,-0.515493456864025,-0.82646647464922,"19","21"
0.167376807832219,-0.260588550691515,1.0560393695176,0.0939552568748483,0.463429472796144,"2","16"
8.35688537525865,0.195100266156335,-0.414118813015378,-0.162581353582818,-0.308986364610101,"15","25"
1.22264406171175,-1.15350822722272,-1.70140124027675,0.791619712086343,1.29906306634275,"9","23"
0.354930798043366,0.37373901485839,-0.0699303205250456,-0.128249640351735,-0.843434877793882,"1","33"
10.586035350839,-0.254239627016218,0.130534833442515,2.24425841186249,-0.22788963938987,"1","6"
1.6506383108872,0.92069147605609,-1.4112133586853,0.282377116890843,-2.56207505784349,"10","11"
0.20387083025975,-1.23382930403168,-0.302548815329422,0.254204237766336,1.27550048839939,"4","7"
30.0415830247901,1.84784575831419,-1.02192194296138,-0.763469878150414,0.726345088354503,"3","29"
0.311985847201404,-1.02547962862511,0.803929730739924,0.422452520477606,-1.77100300744286,"12","3"
0.514166362730343,-0.361464935825192,-1.25761363715404,-1.06930295631086,-1.21654871418278,"13","25"
2.35183347924081,0.348604421437148,-0.160997202708198,1.71448246433648,1.69296781136123,"9","37"
0.568262889717608,-2.3509703697832,-0.166845404594739,0.412895739964846,0.604550249592059,"10","38"
1.10379972949902,-0.00411149627191239,-1.08462546001895,-0.0137889685665563,0.7361287046973,"6","33"
2.38361847822535,-0.116585059202641,-0.00325336470065727,0.390018786941729,0.552677975265006,"6","7"
1.12191921421088,0.056908012994367,1.75387037836242,-1.71846537834577,-0.48950291969889,"17","9"
0.0355387419148983,-0.332451058506969,0.666954478428421,0.0828631699259035,-0.460070040135298,"18","33"
0.432932849242051,-2.24899825564207,-0.636124789572219,-0.823243556330077,-0.486169983412646,"16","23"
0.201999651806429,0.718019635648279,1.52899894212375,-0.842753219257128,0.26108466883969,"12","2"
2.85259878113754,0.718310602340411,-2.41376472556894,-1.03347411881596,-1.38348382101555,"12","31"
0.322601583311969,0.535878302388268,-0.656045553032034,-0.996711271314247,0.31869037206944,"10","33"
0.64828578567532,-0.713829667038441,-1.04974680952937,1.17732584461077,0.826777717300398,"16","8"
2.41409702407976,-0.373406280782704,-2.08455861631981,-1.24718237124566,2.31698355674313,"19","40"
1.14393432572709,1.38913823069854,-0.710560743991664,0.458098393873218,0.789786793634748,"12","37"
0.70668548219531,1.08551790872033,1.13898013176649,0.585839857029092,1.03449136883519,"7","33"
0.17093340370497,-1.1998616617049,-0.548939645783908,1.36329971000397,0.267595912124937,"20","14"
48.94416269553,0.759004318871937,-1.52307758048178,1.25071684458777,-1.14934118060918,"15","28"
2.0975045912358,-0.242692932383126,0.622532009446979,0.777776464673061,0.207245997478535,"14","19"
1.86738173335845,-0.319223694662335,-0.0800550361046247,-0.0735064292220645,1.01700229188198,"14","40"
1.20237978333025,1.99464197953547,1.30787111824095,-0.934743442979365,-0.580713890947322,"16","2"
1.82355479414953,2.51720930479109,0.551127840401663,-0.333449712929907,1.42877996683632,"7","24"
0.0647950410306561,-0.316272538633012,1.5663293276453,0.220753776303759,-0.543199488086996,"19","18"
1.97866659060141,-1.0356755188278,0.467745146444349,-0.177474502176073,1.10421260458328,"13","32"
6.69595138736002,0.0747918157594486,-0.741838613953498,-1.81988474196412,-0.032540923788642,"20","2"
0.322142432620141,1.25609337193879,1.18543420441761,0.748293272518219,-0.506790709500544,"19","10"
5.82455271325448,-0.278650402675963,0.430835848361722,1.17782160191788,-0.66730535729624,"9","26"
0.44184592171735,-0.0373323009832881,0.210890329005422,-1.44297751908399,0.24204308011115,"1","18"
0.0671228874397892,-1.82450498278158,1.16967814185321,-0.586662908472752,0.185810680914449,"10","21"
0.788518534304972,-0.394605045634585,0.869942399169322,-0.190054317615668,-0.600748658638044,"17","28"
0.0663138255231532,-1.90673170816197,0.528505116543674,0.124209349996153,0.278225385805607,"12","33"
2.29588493274891,0.143591230004137,-0.872297719296609,-1.56777651469107,-0.22455992034183,"13","18"
1.20384020974939,-0.453233950020843,1.39554623360447,-0.767522231703085,-0.439070737285374,"20","37"
0.701995466042886,-1.44647122331243,-0.188874522236162,0.901491325506906,-0.27173101156638,"5","33"
0.461311487070379,-0.75220225709808,0.179782547628882,0.55059381889946,2.55018443117894,"3","18"
0.755086014633502,-1.00172809532562,-0.50904073267605,-1.6329328552273,-0.302813999652235,"11","10"
1.8116094150511,0.249778862966676,0.232037553217439,-0.508437207256276,0.838193947564437,"15","7"
2.80004072486389,1.71166883947436,0.22205733886207,1.15959046318247,-0.234773210323087,"20","37"
1.0538567282951,0.487878743293066,0.0271218355381592,0.335483664493643,1.40172136705309,"13","23"
85.2052235688108,1.09854383253403,0.147974574414436,2.02670601135266,-0.42973931462799,"12","40"
0.275847388926014,-0.469818072184102,0.316041509220743,-1.92274681755321,0.26027905277565,"13","21"
2.13276934150216,0.229092571318526,-0.960170113846673,0.841855349022405,0.447678940787563,"9","24"
2.16843884219518,1.18128943218946,0.17958696593748,0.321972963607941,1.54682766472548,"5","37"
0.189050617304332,-0.86029279558946,-1.02681125802685,-0.141061205646026,0.37784092174453,"1","19"
0.461304979940816,-0.536825232549227,-2.54236952023689,-0.599532280633736,-1.1204948019779,"20","34"
0.414142133515283,-2.3447436400046,1.10760299649423,1.36998230242679,-1.05028792011555,"13","24"
3.06343783362634,0.434561872446261,-0.813850277157215,-1.98228446078155,0.661812470939947,"1","7"
3.59858099274199,1.54682872043905,0.0505235912545121,-0.199318098217113,1.72219650183797,"4","16"
2.18127397595447,0.387615323425546,-0.453295155172755,0.0775372434435936,-0.482774231483724,"9","37"
0.625823621053091,-0.382338079682346,1.22233075225989,-0.51348565170232,0.452033558885224,"12","5"
0.565937202886619,-0.908107965779666,-0.458007666132074,-1.87126548632022,1.83616018401963,"7","32"
1.18156180046069,0.112663443358985,-0.234659151444758,-0.495903568176929,1.03491311527556,"14","18"
12.2558279727499,0.468727683694877,-0.784630024982612,-0.0309536181517046,0.987293446795917,"1","6"
0.157217140136196,0.4646866743349,0.0751306692798428,-0.251149980634938,-0.652793602042709,"19","17"
0.347042498189577,0.343283019822127,0.412863609047476,0.742643474705751,-1.13185906043353,"7","10"
0.828688836128357,0.287180613852468,-0.742422160592751,-1.31507466282111,0.203320705029361,"4","29"
5.72115083214922,1.02846061978147,-1.56729870561931,-1.4520789880336,0.911041884463596,"20","25"
1.45550624768037,-0.763655574902839,-0.0464456262659513,0.517537763653898,0.196246422019366,"9","35"
0.495508542409986,0.53015374313344,0.424715125092432,-0.717615427587536,1.07570419508468,"2","10"
2.83291779387711,-0.217251622082853,-0.954424745091253,-1.41667633912968,0.0779918098178109,"11","11"
1.56991183694799,0.256904204245105,-0.378952544938443,-1.79708445069055,-0.0975917832545903,"13","39"
0.357474508406461,-1.2133053770909,0.00476375919566624,-0.537751048855235,-1.92829717925347,"5","2"
0.692252643109017,-0.701446226475247,-0.315996933163643,0.955214352165692,-0.906775302333842,"17","33"
1.12108609604801,0.0554588077526631,0.350186173646585,-0.165178754495742,-1.29757797927763,"6","12"
0.0643056835876933,-1.32576884857528,-1.19926926937757,-0.439138621885742,0.374416581181128,"20","4"
0.249224104117068,0.365744206532172,-1.10566501989158,-1.60457382226772,-1.94945722229347,"12","29"
3.21621054337842,0.416900135351371,1.69269162380384,0.12286162029837,0.882044709953324,"14","19"
0.972170640799605,-0.521249638134036,0.650935906412691,2.00103893097513,0.152465911129525,"1","2"
0.83387671445385,-1.37118628300177,-1.35385441545127,0.279777291692829,0.606294713444858,"19","7"
1.02666179798517,-0.0831708848786497,-0.0566878285496066,-2.74080190835073,0.793057618020211,"10","27"
6.5943953094756,-0.252778874409273,-0.802166802090998,3.38808285264589,-0.937206432887667,"10","33"
0.204699248293148,-0.313688319415234,1.27134171696393,0.39191122980331,-0.769418229945171,"4","35"
0.570729799670742,0.903785084343245,0.800471687166643,-1.38058762577315,0.0210849693663592,"12","32"
0.088161471631144,1.70077323905217,-1.81833205845601,-0.859595633588437,1.93040326523194,"18","3"
0.983931910111177,0.152186690038777,-0.460025608346302,1.06267268715832,2.39893763008171,"3","21"
0.267004871130169,-1.42984424736096,0.398225022355299,0.937173726445762,0.0196507121086288,"13","26"
11.4267302796795,0.323374457074236,-0.874117787234076,1.21841887938523,-0.299296518786339,"5","37"
0.168145510192997,0.401793345006978,2.11571522465186,0.44857902406067,-0.467213124148742,"4","3"
6.55376402572841,-1.32722321936775,-0.135189605642019,0.522702386535426,-2.19159455210117,"15","4"
1.66485174691408,1.46468130945007,1.64693535817542,-0.765478969115987,-0.0590975175397199,"1","16"
0.29651473954122,0.456165968612726,1.53646416357705,0.865805900748067,-0.174255704067635,"5","18"
0.487368904569634,-0.786517088828456,-2.32464821685583,-1.61745391890074,0.0613840344181173,"2","20"
2.21003389734654,-0.383332647609257,0.246131584322043,-0.461577852812325,-0.493729240783878,"19","8"
1.53489547431195,-1.50704741157311,-1.20147558312029,0.0132613942313296,-0.621212534555318,"11","15"
0.989608769810097,-0.543039303580069,0.289157243389686,0.208293825518629,2.09433033185032,"12","24"
1.38454848398507,0.648419503903918,1.10883737626014,2.45702850029138,-1.09877614735414,"12","35"
1.50084895623959,0.609428016580927,0.603071705940342,1.49658745540488,0.651975613373744,"11","19"
0.1728785945942,-0.267588485419244,0.910247689642782,-0.225307723253688,0.118613088204045,"1","19"
0.232012160158071,0.272361189865853,0.0157364714524781,-0.247763655463492,-0.551408542999007,"18","17"
0.421588142289482,1.62388540894237,-0.217242155885021,-0.116437080187017,0.314184120361886,"19","38"
64.7515747875633,0.970785872161466,-2.91213506722239,0.0551054260552468,-0.868510840560554,"19","36"
0.243008753653005,0.690963898578781,-1.87279011074518,-1.09716025744125,0.862801249040207,"11","9"
1.35279089368299,1.04103199629824,-0.764532572045153,0.149661898765594,-0.572880337866093,"6","1"
0.211907154504164,-0.342652330761372,1.48644557790786,0.99365852045291,0.833477010454779,"3","7"
0.925368124982371,-0.312120491636446,0.344229438306148,-0.672433178570903,-0.369408696208772,"8","18"
2.01570029013151,-1.33263967810644,0.459923768632173,0.572229567550419,-0.274855004293364,"4","25"
0.407269075774422,-0.479133027522671,0.327852443393413,-0.318396054927921,-1.40060048485135,"18","27"
8.02358580809452,0.12085485413063,0.505807247514115,2.05517843723409,-0.535399509191312,"8","25"
0.232336770590391,-0.791610764991171,1.50438053844307,0.414650959285974,-0.0626280190931661,"10","15"
0.106442692442301,-1.25999869914215,2.94207984372355,-2.5764075154024,-0.322134238142548,"18","15"
0.196846506192161,-0.957207665831619,0.0113214955595054,-2.56288757213725,1.66163900026926,"17","9"
0.490172064452954,-0.537278882729121,0.728687626294764,-1.06640850924352,-0.555476287385028,"6","7"
2.41582238902135,-1.30365955506563,-0.226147176895077,1.98590031539589,1.12544012884626,"10","26"
14.5246442770749,1.48381984524045,-1.31983290485562,0.883274910219135,-0.904271807097946,"15","12"
3.68132645095253,0.63441636570959,-0.218727093573696,2.37442655210859,-1.59422625056527,"7","36"
0.865020511400183,0.299787680610791,0.312773358614708,-0.00595169628834942,0.888467191053155,"16","34"
5.09207527055448,1.23174526197583,1.32474002994383,-0.337546635036834,-0.864340202005344,"7","4"
0.0154610534640941,-1.26325733590176,1.12189815803216,-0.345160030694146,0.345823384563172,"13","14"
9.8007424389553,0.691262821913129,0.0256530424323198,2.90615300722243,1.88629579482737,"20","5"
0.414048131453203,-1.31619490280584,0.111400053719075,-0.722365391841341,0.472149980400465,"11","10"
0.0971221780887511,0.16356002444457,-0.044568564294506,-0.664985317529063,0.990075878273321,"18","9"
0.412728633513913,-1.220518649563,0.186102718941727,0.409777508137408,0.144369880143552,"1","6"
0.0755705560772545,0.890379920391348,0.672919487787627,0.681611819246875,0.351261377869492,"13","31"
1.78910488784535,-0.867914482013493,-0.532403846406827,0.24883683398732,0.362528663065168,"16","12"
12.2876647463258,0.801657243034584,-1.10177397088609,-0.956434126058859,-0.878516235633581,"12","8"
0.464819085258973,0.748082360042311,0.51258705226397,-0.288010525444661,0.895658501959336,"10","24"
5.70430139316244,0.434625714171088,-0.309877064682653,-1.05931904254753,0.884958230353188,"12","6"
1.54268530583959,-0.713190364488457,-0.663226292314392,-2.37963722686516,-0.804631321912434,"6","11"
3.71695132784988,0.57185661402749,-0.512368900262638,-0.356617935742929,-0.0195640314110171,"16","26"
4.0085237705828,0.24135039121451,0.213006530543662,0.8073666311406,-2.37964360155955,"3","19"
0.168087279456972,-0.986316869963304,-1.05601667625905,0.45967215363588,1.251062380801,"18","7"
2.35257576062861,-0.199788485852439,-1.23942732649323,0.439958445415945,-0.847726408712836,"13","28"
16.0872687505388,-0.108409282488247,-0.244280837944537,2.19443597227043,-0.0664612399320801,"15","7"
9.56615140582023,1.69872860157599,0.57266635026859,-0.352798193430175,0.402025210091407,"15","19"
0.0788048349281323,-0.205181050890506,1.23208447600546,0.386312415279491,-0.0620369117843438,"20","3"
2.93967164925281,0.139818097481404,-1.82913418936033,-1.18057815667211,0.73695798856057,"9","34"
3.2215526566902,0.832543269095945,-1.76527143593784,0.454893465972697,-0.547962435162589,"14","1"
0.295730925518171,-0.510824560823089,0.739310144485096,-0.211327412863218,1.21488616146789,"19","37"
1.19081439227754,0.84090276690509,-0.718983398695295,-1.42576479052129,-1.49350425844054,"17","17"
0.0710120562786153,-1.3703743836498,0.268007942695513,-0.272935179499375,-0.12088814230928,"12","14"
0.346690023842437,-0.912940808429756,0.258467999839919,0.132838073639504,0.564014689505981,"19","30"
0.429925753184008,1.48685520296988,-0.166254308848603,0.492350172898251,-2.12576469330603,"11","32"
0.0297327095208828,-0.430656130909639,-1.05034358589564,-0.0825999842474208,2.37643091167595,"6","10"
6.87775837635101,0.377531616313375,1.2518272182078,1.1946111958868,-0.668389600674859,"9","2"
0.301312627602587,-1.07013335551161,0.634187091213073,-1.45986290264829,0.608307356691776,"2","29"
1.67491814083487,0.609382768011435,-0.808574895745873,0.634149270564771,0.821186860094746,"4","24"
0.801623842924399,-0.83755270563073,-0.450934467057719,-0.452488803847098,-1.07555172642289,"5","10"
2.5262892136671,-0.494885829827558,-0.76835270394686,-1.99844454825891,1.32135615960763,"17","21"
0.0422313911026947,-0.824831388374236,0.942544309378598,-0.461942321504868,-1.02118542043989,"19","7"
1.58920992299306,-1.18689844596728,-0.568039719172979,0.250338422379769,-1.15394855590051,"17","20"
0.509352695125618,0.59487075324408,-0.101389602731064,-1.54995044671218,0.716684034684421,"13","22"
0.176732431255765,-0.41198747861539,1.17766204027355,0.248328962874803,0.372011241792819,"19","8"
0.16751167899171,-1.77097865398918,-0.635921305273551,1.08404926250672,-1.36780607080472,"20","3"
0.712466203951507,1.42807941031444,0.237366789597528,-1.08757893915873,-0.471600576795446,"10","19"
10.8942747412977,0.513169333426163,-1.19887603990617,-1.22792873423872,0.595183453703211,"15","21"
0.304319344941467,-1.65827456074924,0.720444210123512,-1.43574269944084,-0.796151633482002,"2","28"
0.335636685790737,0.893182451562423,-0.432415918495279,-0.269573413144231,0.610659138626316,"2","13"
0.496790578471878,0.690926632428086,-0.569417153410407,3.2078255305387,0.416295741090167,"19","17"
0.0355956239668693,-1.04686022238328,0.899258599147076,-1.70441760191636,1.56854632247688,"6","22"
5.17659752518039,0.424656405193608,0.25289925928358,1.49516776960802,1.95740756185868,"3","22"
1.09723521573778,0.133919940253677,-0.879633945301419,0.974068859215455,-0.963680907085766,"11","23"
0.360242833371293,0.625739733701588,1.32291652160967,-0.961443164594626,-0.344196555964462,"8","32"
0.100802489722055,-0.891061105967876,0.840968592695516,-0.486469426407758,0.897733871050145,"13","13"
0.683964020390751,-0.336923923614888,-0.958555811812472,-0.112412009174121,2.26867167115141,"13","33"
0.182766706076732,-0.336857958713416,-0.313109642044677,0.730597997549081,0.0912817748563458,"16","21"
1.86655982850441,-0.995446757691636,-1.25487907780034,0.183711706622164,-1.24673887151895,"9","30"
0.238972001481855,0.455369356563498,-1.15462780206993,-0.723995176670888,-0.980079416613455,"11","3"
2.39300563997877,0.533373597217108,0.217128759279446,-2.08651896671521,-0.993915181981754,"10","34"
3.57344013994807,1.2842456698523,-0.593860846245204,-0.00244970709531206,-1.05916240312073,"9","1"
0.886366856762325,0.75080859329286,0.816261728698974,0.0505255837395278,1.20492140315807,"14","4"
1.25534300773427,0.485146068733943,-0.606924806087587,0.905585890577098,0.464107114496439,"5","17"
0.0435031532403789,-2.2456895809736,1.15158286968189,0.210473456073112,0.845875380454554,"3","27"
1.42635453737565,0.055456538621894,-2.0027542073083,0.583355389877359,0.0771620991643989,"10","12"
2.65776442773918,0.625735733715852,-0.741915277531556,0.734551416283625,0.0636937948019836,"4","23"
0.553880532016456,-0.119150734107843,-0.270151965992882,0.524502080871399,-0.0726835462011682,"14","12"
0.0936471127213973,-0.325305394810553,1.07962814757428,-1.35149554301808,-0.17987283707166,"16","35"
1.61660334604157,0.326498416713318,-0.628664255301912,-0.323815915706672,0.497460106242755,"16","25"
1.94824688554269,0.329033747271948,-2.01238442152397,0.138678014661922,1.23718062184004,"13","14"
20.2278664959803,-0.855113292751304,-2.67153983216825,0.0381039183102527,0.866054583669985,"5","32"
1.4415920480231,0.375120819946299,-0.208323968777535,-0.858442604863155,0.560400325329132,"6","12"
4.00256860882981,-0.480121391379634,1.33469226187826,-1.86803456790785,-1.28558003791004,"8","34"
0.395449003300191,-0.0724799247856458,0.591595441303124,-1.1671466587687,-0.465730716426476,"10","9"
0.488263244919697,-2.16702480871598,0.312155983458796,-0.329869193218712,-1.79067894654507,"15","3"
0.409336391163378,-1.4410021957465,0.144318544975346,-1.20696779750694,-0.722422700553139,"14","34"
0.205367832919766,-0.147909267467197,0.784388168311464,1.67018896081414,-0.229135660432783,"2","10"
1.05898401131676,1.07164699932778,-1.14412542714434,-1.61952788266463,-1.1260045075857,"6","16"
28.362061363205,2.39580736513699,-1.56244704926391,-1.22364096449338,-0.228591544732042,"1","40"
1.88066308822572,-0.771666296023443,-0.718144688965466,1.49495309547654,-1.09333996748335,"19","15"
2.59473513523414,1.36722037977106,0.297311616530607,1.26377340883264,-1.76405259917614,"11","4"
0.518746712421404,0.528312836594404,0.0938982402820774,-0.0108415424263361,-1.2084081200988,"6","17"
0.454570044804662,-0.897451898987511,-0.0530095460748497,0.230636543363903,-0.864060107577811,"10","19"
0.605489372177513,0.136423565255219,0.309938249696747,2.90611642642067,0.537497264700012,"12","39"
2.95192157224957,-0.204778651933075,0.301064898886165,0.171511846267565,0.0626299386764652,"15","18"
4.01980947948513,-0.00917641510852362,-2.68255553339039,-1.18838936492314,1.70790303719696,"2","27"
12.7733521656767,0.0794053626321974,-0.290417269780495,-0.411560410389566,-0.800629607481594,"20","40"
1.74643415099146,-0.118608300087401,-0.0447025186406261,2.03733256073312,-0.453176982562831,"1","30"
2.03408636960321,-0.886972391100595,0.387933036344989,-0.0318816372516371,-0.991427044877166,"2","12"
1.10399448926333,1.84152653278051,-0.741618142873426,-0.877322668037569,0.553433771884593,"18","37"
0.351164303680678,0.16927866089121,2.60164111565792,-0.572579390450647,-0.352068235080111,"6","37"
1.94670612669416,-0.943262496915403,0.0674235224564653,1.41128974782212,-1.27265167168442,"5","17"
0.278869380044869,1.07010689805796,-0.748483237450598,0.801093978008912,0.0248795966346227,"16","17"
0.226504117538964,1.5322580861009,1.04375417666738,-0.465760776064333,-1.21931803233337,"14","13"
0.0862471326695705,-2.44052493070736,1.18886577347713,0.110858744228953,0.0944843005484658,"6","19"
0.4273457372536,0.368462034185387,1.64242478434485,-0.450916519980425,0.344383681096003,"8","27"
2.23976340760715,0.6125323779833,-0.00839713945210986,-0.0393597516530798,-0.543317271798066,"17","12"
12.1003509559425,0.425166682052459,0.400607140133119,-2.05784083090451,0.922700299724451,"17","12"
0.0560631259410141,-1.02431243814614,-0.122755486495844,-1.8118331489783,0.080067828185838,"18","14"
0.980804405413332,-2.18920404690789,0.968427642213992,-1.38092915533738,-0.651694398558858,"3","17"
0.841769721238792,0.291719746425388,-1.16351173204989,-0.495281220037637,-1.04424785607425,"11","15"
0.37681886037404,1.78086371864611,-0.619452641719331,0.42567444349148,2.55942604343427,"1","23"
3.84490982439672,0.819083805252257,-1.53545550716035,1.18299638468557,-0.611455045333817,"1","4"
0.478666317316872,-0.528280661024993,0.448380492499539,1.04435895284499,1.78821759905711,"4","19"
0.37090327135968,0.410731733459761,-0.764612189690605,-0.14153208174204,1.12958100102424,"13","27"
0.102244381720736,0.924587913328315,0.733228708116247,-0.264354782852077,0.739120789543351,"16","1"
17.7449069784302,-0.626939947173248,-0.451745788493511,2.02075310818267,-0.135048483221055,"3","30"
1.19952789222299,-0.514617745723904,-0.541787602109221,-0.972305810271336,1.30010153078512,"12","22"
0.342570143684177,0.511838012755329,-1.29569816496813,1.2416938345098,-0.282903247991415,"16","17"
0.152810795260937,-0.751345172509697,0.750249998774609,-0.68734214553438,0.0102019127658454,"7","5"
1.34151075351404,-1.23546686386989,-0.0247740736156071,1.31200019546597,0.264423119273916,"16","29"
0.700953718893588,0.0292051959620803,-0.0620401718909058,-0.489279184825447,-0.70288037588808,"11","30"
1.85352411364653,-0.317350727802987,-1.53905925927593,1.88734387865306,-1.05422770356277,"20","24"
3.8878701822971,-0.0555447595086867,0.173540122114656,1.18791019704045,-1.09220055099731,"11","5"
0.197066689678939,0.634551905671665,0.133655294658613,-0.866608067606569,-0.485520905914422,"8","9"
1.35007864644467,-0.152246153477652,-1.1567121997786,-0.464685021466813,2.20423585217161,"15","13"
0.960992512863863,-0.973908461031057,0.545902085661857,0.0570426156231714,-0.977935616727794,"9","10"
1.70928324630388,-0.930092969656631,1.02651380161922,-1.40529752856364,0.475069727355345,"11","15"
0.0402054555725359,-0.464333612206929,2.34808765000422,0.282992461809522,1.78086546554389,"1","14"
0.3474668505741,-1.40475357915822,0.443847061306326,-1.24601770150126,-0.5023186912226,"2","27"
0.259403221352092,1.16137485876237,0.870910097921948,1.56180290780244,-0.837047304029835,"3","17"
0.097678661464445,0.874435852245054,0.970999597215333,0.280476564193369,-0.155610992489861,"2","14"
0.412506629918442,0.923392065890418,0.201329141589639,0.235599593049169,0.646497506582586,"2","23"
3.12916088660177,0.160345024136252,-0.8385603763947,0.773892083659919,-0.536412576832994,"7","11"
0.21937527970708,1.57129024683323,-0.961398596657734,-0.0802166072268721,0.174303646772523,"11","11"
8.44877111178901,1.35638678425066,-0.144549910106173,-1.13521904787078,-1.16076744492121,"5","2"
0.236837130144538,-0.536391445399863,0.567483293196624,0.355125939232944,0.788649657397183,"4","19"
0.508633361437695,1.67703250806069,-0.445765711798866,-0.27058401835245,0.00974750377178111,"16","33"
0.695965977867823,0.620189368360931,-1.36328866272883,0.0880728972314408,-0.556118579042036,"11","24"
4.84739092425451,0.351414575547263,1.29759754741924,0.312361844484736,-1.50132929482741,"18","20"
0.353029435891668,-0.383128172669077,0.356149479213991,1.02191843901126,-0.46076854975523,"20","31"
2.3801891342991,1.39117989687464,-0.0808376509748077,2.06223249037695,-1.42587867700884,"20","19"
11.4323001019465,0.571196007016845,-0.450817822851068,0.657164903512872,-1.69164549976383,"3","30"
3.04296618198492,-0.362092546442077,0.0739992611729498,-1.24422977078802,0.526962410478788,"20","39"
2.63281143488263,1.73665953389324,1.82229565256991,0.433973174922437,0.467918798535034,"7","4"
0.508809102997279,-1.28193209804969,-0.194653202158334,-1.62322963361341,-0.45969350877121,"17","36"
0.127337841583569,0.81723700617789,-0.330758493126361,-0.363862080593107,1.07684628291873,"18","27"
0.266306595805336,0.352053523043479,-0.884563784204573,-1.02171210196754,0.455613474550094,"18","4"
4.78212052902368,0.0340517456018948,-0.15854505021816,1.03999528759222,-0.232330621356922,"6","28"
1.46760321561959,-1.78562795895302,-0.224301864973133,-0.442768927235193,-0.501596154142845,"20","34"
0.860025301940344,-0.545807710077544,0.5072992899472,-1.39874453873066,1.69550135291722,"9","40"
0.971606358281291,0.206947327150149,-1.25850298773207,0.837816152883236,0.524962482298815,"7","39"
0.184363521741979,-0.764544250350156,-1.1003307918587,-0.0575031076878551,0.23955366891664,"18","3"
2.30853972273366,-0.188897587671587,-0.820879903993166,-0.375772947290899,1.63001695956667,"12","36"
0.371711080304779,-2.29586026549502,0.10696272425548,0.707283756859771,0.798583316730533,"20","10"
0.293535757166089,0.0905987234607816,0.491370878305463,-1.93835097093997,0.162405585549965,"9","11"
0.280204869788991,-0.30394370694323,-0.171310439334384,-0.515281638737232,0.596749669097762,"14","23"
4.56136880480674,-0.641000904837678,-1.12242123379904,0.15809064267644,-0.311920423038987,"1","39"
1.77137243062539,-0.29730791405412,-1.90699068848817,-0.463624382834848,1.2502806999767,"14","37"
0.511661937372585,1.39409526721246,-1.91836663288969,0.144573969893066,0.410915116246639,"5","11"
22.064467537083,0.492040988235413,-1.56865633130451,0.325325673402846,-2.62435676680029,"3","30"
3.00321157161748,0.699923433608495,-1.63297978674489,0.818150860176988,0.754559847179675,"12","8"
6.95494925913047,1.6813859504468,0.106790390008944,0.0484044808094135,-0.712764754473202,"19","36"
0.0512681449271717,-1.3543225561081,-0.413468974248106,-0.764779517414549,0.336938019468987,"1","14"
0.470194795720085,1.54437467454279,0.347609243429903,0.722565926767177,1.31296029379873,"8","3"
6.49768900441227,-0.15450501980075,1.68096956160802,-0.0928948358676893,-1.07580315689043,"3","20"
0.348427265101976,-0.958211783967496,-0.816043628822637,0.399973866629338,-1.87195508113981,"9","14"
0.280600277495914,1.27498956657641,-0.651144383464743,0.732283029997076,2.88289408396538,"6","13"
0.721084250434337,0.435342669047527,-0.529287431593419,-0.713569790898556,0.258308854340082,"14","30"
47.1308153402489,0.421962174400174,-0.84031875455333,0.226365520483684,-0.131095288132316,"3","6"
0.126700774323661,-0.637392789715917,0.91581456685183,0.898666127282089,-0.0169147619638564,"6","14"
0.882559660926417,0.501357480611199,-0.0313896292024636,-1.02847663639171,1.20898751247609,"9","36"
1.42172128035785,0.667575250604993,-0.0460096309221831,-0.673334300770773,1.78290977589637,"20","32"
0.164970542461563,0.522412717162291,-1.10008060810035,2.01097374557161,0.892875610183333,"19","15"
0.990534385705918,1.1023514122876,0.541140942683261,-0.874956118836893,2.0526275550244,"13","7"
0.0535085744688563,-1.61002476865735,-0.162145505038308,-1.32120738346869,0.79287365321909,"5","24"
1.23631875831476,0.157425538348851,0.00630540337438582,2.03837401585096,0.00599927297002305,"17","38"
11.2595880478258,0.702241034600149,-1.02863806465979,-1.31302988612423,-1.62120809959664,"1","2"
2.32291797141828,-0.775738510805381,-0.736225120962877,-0.23957097056302,-1.01479314834167,"6","37"
0.289822730810044,-1.59446479171435,-0.774907648395675,-0.288471441548665,-0.997191951002244,"17","3"
0.130693669346137,-1.48713570630912,0.737988058280914,0.0705212037740296,0.706809317371641,"17","4"
1.39926696794067,-0.030379945424396,-0.0640424245554694,0.475853622702622,-0.738812181768227,"2","27"
5.36586961649946,1.89815026990242,1.46124469878667,1.44638784719255,-1.05923175382456,"19","19"
0.239349636793286,1.46376333585215,-0.0318167377323865,0.480856258623711,1.96390679323931,"9","32"
9.26605593719852,0.0852375928822089,-0.425518728389868,-0.754692704755096,-0.0317888448682435,"20","26"
0.144711815241255,-1.46389452613392,0.0882773576504685,0.0390155987276353,1.33438146201476,"7","16"
4.52359207127626,0.450478849814977,2.81706273150827,1.49232264885131,-0.111496747049124,"5","24"
0.189631610355281,-0.03378976549498,2.18254600535339,-0.0570311268970815,1.06967090211758,"14","7"
0.813358278274672,-0.561806095188472,1.54277920842941,2.5176392753506,1.51024085308398,"15","3"
0.274015732158749,-0.691609874493102,0.665474295324639,-0.308062792117752,-0.796180506780468,"19","18"
0.755039894401575,-1.21423317863104,-0.828242486988719,-1.70055819064488,0.539076784715403,"8","25"
4.27758422687939,-1.80580100428045,-0.20405837060045,0.474760383257867,-1.38210817137558,"3","34"
3.15146459852614,1.33257769880028,-0.289576822716754,-0.666277856176303,0.192817025991368,"15","17"
0.252505224371292,-0.0949043972077573,0.951368708992673,0.775226429123783,1.59359532042227,"18","26"
1.25328485338402,-0.447710160721237,-0.696364105972041,-0.152374818114845,0.0416134522058525,"19","5"
5.78722501699925,1.03104852627489,-0.240350519614296,-0.508559908507395,-1.52255045405015,"11","20"
1.54451718063411,-1.36550505583636,-1.33995005630013,-0.741175498888757,1.51841678084885,"16","26"
0.074542011911486,-0.468717844042853,1.41827720708758,0.253686890654831,-0.360257580250314,"20","39"
1.18377274736711,2.01833862317863,-0.837637520905066,-1.26477290170582,1.32150934755492,"4","13"
2.63931187034547,0.938511662465862,-1.5672706577505,-0.591821036763523,-0.0603463492704776,"9","28"
7.01893292954611,1.23437823958674,1.68252438029574,0.0787280021668115,-0.816449071479979,"9","28"
0.364293057022432,-0.80512709142222,-0.323911722900775,-1.69059951705187,0.488798548954424,"18","28"
1.99665874919273,-0.268830123922868,-0.535943112978131,1.24999655969835,-0.0938503819726786,"1","39"
1.15078489547702,-0.0815227573038755,-1.61736684319357,-0.773413313288629,-0.718051600894184,"7","26"
0.690967770830626,0.662628638841621,0.129061519696091,-1.39392338575548,-0.130769391842106,"5","2"
2.13638834614799,-0.54113246539703,-0.197978268187454,-1.15987319968255,-1.37908053320163,"7","13"
1.05260495907963,-0.360910982987469,-2.07677746839889,1.66891572845586,1.17082485334355,"10","17"
2.57045416618565,1.35931650446028,1.28331189015446,-0.913881068297339,-1.60105238270028,"3","27"
0.139352953276295,0.646985140008543,0.957165763878232,0.995339327474635,1.79002695641612,"18","23"
1.5389464260173,1.32567096173224,1.7510866295926,0.0350297285167204,-0.0695560811958592,"2","36"
0.479499478286049,0.210512425830723,0.0178859498266742,0.0892552602782727,0.260233660327034,"16","9"
0.0611711294158972,1.06383453945335,-0.710783969094401,-1.01708983223661,0.287172443918231,"16","38"
0.976638675964794,-0.190826810173457,-0.948786318882832,-0.785130248284208,1.03353907568593,"2","27"
3.45396664509395,1.1175464285002,0.591236690159015,0.678479428313023,-0.524700041507533,"10","16"
1.32274019185326,-0.273832531345755,0.889843449554995,-0.018811229301646,-0.492170616714884,"3","14"
3.80313228752198,0.428278824678864,1.18788965406358,1.62350424000448,-0.563013121273932,"11","11"
1.2723321185261,0.547401567440587,0.582564950546277,-0.534953544833315,-0.435230888112836,"3","32"
2.73247549856083,1.32387135945277,0.727045154662707,-0.110561607554461,0.683438041260778,"14","26"
2.73297882065862,0.594454368867432,1.46961322159165,-1.22973230611865,0.447722931379549,"9","4"
0.348222709304011,0.309257442113365,0.402156156716946,-0.892341757695414,-1.15707628888417,"8","27"
0.413682301857107,0.914719628205016,1.56187690234683,-0.280100785596645,-1.25750891370553,"7","1"
3.97398395696911,0.221515088786367,-0.814348511888018,0.906543434250113,0.523851626847675,"14","6"
0.37512680424511,-0.863204646977674,-1.66901805614109,-0.0176626979129832,-0.358316085379745,"1","30"
0.485196736406655,0.244654126774057,0.548636177662837,3.74851444642482,0.741555316242119,"4","14"
0.093439686961178,0.720895586032292,0.747434127509587,-0.0255148067149291,-2.70367692564691,"18","31"
2.18309468599658,-1.18243507323306,-0.420847126818489,-0.371964113315159,0.191638605268134,"17","12"
0.122548080825049,1.29786148310773,0.933223594485102,1.34379388567529,-0.654869921578556,"3","31"
0.868281547181876,-0.300945342911437,0.330234350864011,-0.847389435639111,-0.745765985515247,"9","10"
0.470023023139857,-0.663118699799619,-1.06359728306399,0.192416795329444,0.311193370161617,"1","34"
2.3479437975744,-0.225030753482885,0.750000749203767,-0.425579644662995,-0.604482077056844,"19","34"
0.100548418208551,-1.21276807095709,-1.03231389961213,-0.0272066245895553,1.4101861508543,"13","29"
2.51279619170949,0.909677238027884,-0.865663332440483,-0.866624679233358,0.246253679680834,"15","3"
1.16993195863022,-0.7406594218677,0.207760192921396,-0.132700449563464,-0.54731002895387,"9","24"
8.5130704668029,-0.646690088656722,0.965981377504599,0.316556423373816,1.32497919510018,"15","11"
0.679656971510848,-0.09100676498418,0.409134626420413,0.213970607959858,0.186177467649842,"4","35"
1.02438825307652,-0.394185729746174,0.86683213157806,0.0750520669882866,1.26546751363472,"15","30"
0.900440363577764,-0.425395834068942,0.0218305529829877,-0.509217200675466,-0.334651585589808,"2","18"
6.78969569515826,0.982933635524268,-1.19841222296489,-0.429909177642881,0.920281586866153,"13","26"
0.446729832017997,-0.877544486204071,0.671353358697594,0.594645191893645,1.51755904318534,"17","35"
1.66511698924903,0.715366150764372,-0.79726399965101,-0.0591460262320135,-1.54358916029169,"12","13"
0.739918255680256,1.55839987993409,1.88296604298245,-1.54741071584475,0.537016252305805,"6","16"
4.75068519397812,-0.270318204100783,0.809758246385637,-0.483790277347647,-0.965378102701748,"14","34"
6.80891703812707,0.970262470427925,1.75224305092219,1.70351320252201,-0.223229327262326,"4","7"
5.90898781991755,0.797124552874408,0.627784008400797,1.14767118627994,1.63371999941565,"10","28"
0.50029359161579,-0.292007704588271,0.406795198198664,0.260522569289726,-0.281524507016923,"8","18"
0.0723966585529575,-0.63524947792308,-0.431138702357479,-0.910062618877845,-0.829616652961388,"11","9"
0.0175108553287976,1.43303370750233,1.17152309098052,-0.446708945341996,-0.154262175435885,"1","31"
0.806097186365076,-0.799244386008911,-0.125633830448822,1.73628460178439,0.876919832573566,"14","22"
0.391458178299378,-0.935649149085358,0.528096183313498,-2.41446538499884,1.20736766910613,"7","6"
0.555666857242872,-0.47964464239967,0.530779966800909,0.27311900363344,-0.144723575367285,"19","15"
3.68533789937636,1.02633273421731,-1.05614669841936,0.118078766256382,-0.607267998065194,"13","4"
0.693881575068691,-1.04664935501232,-0.23733300999589,-0.543149546523081,-1.00499518243084,"1","34"
1.4182587738135,-0.163040068966524,0.209761160513987,0.39489163116985,0.863380152169239,"9","9"
3.11512655105584,-1.25994172680129,-1.93540610857537,-1.35903792669021,0.115166556695869,"6","32"
0.2128901238362,-1.28273857847393,-1.4764488225441,0.08823005321325,0.669067031521413,"6","34"
2.39232623589417,0.607410353566511,-0.4831593430015,0.965216339953702,1.48875939416053,"5","14"
7.70266519195419,-0.0949103618336327,-0.64914889840681,-0.0487447468044034,1.29145809814265,"15","11"
0.00672397452218148,-1.00358796649095,-0.0730061045753962,0.493894074336424,1.23910130126408,"16","7"
0.346440850226244,-0.461155144848401,1.23369659135815,0.544446358577509,-0.519002188419742,"12","23"
1.65519350019456,-0.529052658518894,-1.30958901703128,1.31055325924162,-0.487532736541621,"8","13"
4.08990486177885,1.22655081226231,0.0911771302432851,-1.48656868440704,-1.38639159286276,"12","39"
0.12270702781596,0.626726434084624,-1.21605783786878,-1.97838998088264,1.75452354288631,"7","19"
131.59438374125,1.49259798635532,-0.433951733259311,2.07351039017361,0.997188060207016,"5","40"
0.504699675769019,-0.917552095022949,1.25193227988039,-0.391751340292062,0.514446031887139,"12","1"
0.0346653313544126,-1.79503947304114,-0.335176428129373,0.144309844802392,-0.326591606546579,"14","19"
2.63526775189833,2.44744056571657,0.811197645476023,0.291125302887052,0.883286952550269,"18","12"
0.428981080529874,0.267751700870743,-0.0801896614972704,-0.385979452451487,-0.435515429487568,"16","13"
16.746120565756,0.837600592789812,-0.848993615600652,0.904629060760025,0.138429890061595,"14","2"
1.62583149830613,1.05536271274442,-0.839647405472973,-1.62091610478753,-0.285217604399227,"12","37"
14.0872560474142,0.222230294232472,-0.436908250644098,0.243143531605202,-1.21298334166106,"3","28"
3.73836550058172,0.963620572575566,0.77220463774578,-0.237007722277902,-0.806222284891434,"11","26"
9.23743374166282,1.9941329655546,-2.7885652575588,-1.20041973785744,1.3012587838429,"20","35"
3.44828960319246,-1.08016612802027,-0.757500684383708,0.390395645679852,-0.369171720931529,"2","2"
1.08249649615115,0.424777323574957,0.245869767945026,-0.973548700073775,0.0675030019207648,"11","9"
3.31971897943786,0.0918116794106196,-0.877844495706785,-0.0447946936471295,-0.615204209195455,"4","34"
0.0662880565732107,0.0245827581152391,-0.320301211858929,0.301707863559031,-0.0455666125437748,"15","17"
0.460664562306936,-0.837016895487529,1.64514810234576,-2.21538137990262,-1.18852762585619,"14","6"
5.37286915571214,1.55612046660717,1.1336045147155,-0.0124674419392254,1.94619342475557,"4","9"
5.76055600694926,-0.237743453513674,-1.37740813673574,2.44570806688418,-0.36669778614045,"14","17"
56.0904532845999,1.51413876272265,0.645425048719725,0.701519502912057,-1.57730308963337,"2","29"
23.9694913172703,1.56246791843797,-0.439580393947983,0.043223678989472,-0.403025039957279,"8","36"
3.73278338228585,-0.185367414875779,-1.36086657680659,-0.113005307246708,-0.303206566620658,"9","27"
0.560069821428642,0.402680601580095,-1.40604529540155,-0.590333591792247,-1.22270018751957,"16","37"
1.20180388572606,-0.106734696419575,-0.684054752859097,0.95550431570889,-0.73003412821108,"9","1"
0.686750770216578,-0.360440229269204,-0.92136993553875,-1.21140169497551,-0.838387513049794,"20","24"
4.35315822386538,0.15893063939177,-0.70348026771229,-0.104313876505492,1.41288164224598,"4","6"
0.431241198743591,0.49065959004816,0.334291596350761,0.18779056787158,-2.23850263902623,"10","31"
0.156448183737243,-0.129810635115598,1.66400204248985,0.766158854904518,0.262461538579966,"14","33"
0.651977430285916,-0.225130716154853,-0.82022011215973,-0.0295964856683268,-0.893301289358689,"2","14"
0.49683748946678,0.323455648753014,-0.0149019494046593,0.214243612057167,0.614291584120641,"16","11"
0.0635253357351866,-0.0214727213578589,-2.20949054260554,0.762717595391495,-0.120859032017805,"7","12"
0.132538109971061,-0.235418595828177,-1.02061829837277,-1.31176348448356,0.674742301052698,"8","30"
4.01847692276864,1.39528451385356,-1.76376510884673,-0.887098795472165,0.00345175209288884,"20","12"
5.53789340744219,0.905363715515754,-1.23795640317091,-0.83838236982744,0.740941060623674,"19","7"
3.54857189788564,-0.0645225351725225,-0.308732469582412,-0.329542732251657,-2.22565921746205,"20","15"
0.046549433304489,-0.533791910166628,0.5737233510621,0.999996301387215,-1.01554928387101,"11","27"
0.0631997814946687,0.143969349590414,0.562644530686725,0.0767641622165491,0.828007292394234,"19","31"
0.408632174085847,-0.504106508763321,-0.202127173205914,-1.73856664940202,-0.0552730546665211,"5","24"
0.900684650255926,-1.21626477223503,-1.53334650766445,-0.363703248033254,0.846370857610252,"1","31"
0.302426907190508,-0.805420418373955,1.3168252985295,-0.184216697130418,-0.144263950462072,"6","36"
1.32644116712171,0.178985812350209,0.138408436291253,0.134346820453129,0.173740309647596,"8","4"
1.66327429552716,-0.278742272962767,-0.81060052316336,-0.743908869469783,-0.0977935093561129,"20","18"
0.709393565663477,1.09479099492801,-1.30274240901989,-1.635454922158,-0.38253612960703,"9","24"
3.39011076460723,-0.0769341055588204,-1.08315170832008,-1.12927219348212,-0.727455502209907,"4","25"
1.97851991818038,0.698773177498567,-1.44164465913499,-0.369043258900121,-1.14769041837773,"16","8"
0.401677892505729,-1.32148276245845,0.636753206031468,-0.342844526165423,-0.215647302665824,"3","19"
1.7654806476549,-0.298435026783564,-0.882078643540909,1.17919231776965,0.69906735390328,"20","2"
2.1565203627838,0.444702377887367,-1.00568078284195,-1.2352712226294,0.653247709995888,"17","7"
0.340461173454585,-0.832221297737083,-0.399145763151678,1.78192482785421,-0.806527984925743,"9","27"
5.95906325575525,-0.754994909600731,0.413325742903707,-1.42182617005934,-0.15948840438013,"17","37"
1.57377936946499,-1.98443859933896,1.28432990157503,0.355045682050977,-0.457775682336085,"3","1"
1.07093459373377,-0.552733262522289,-1.00919782460104,-0.714932760499415,-0.754741801363912,"17","16"
1.32478384118721,1.61077035159778,1.68506116378314,1.92449275855073,0.493998379152309,"2","21"
0.320514507070728,-0.11180108900847,0.880237262845711,-1.36827119746426,0.30451056755084,"14","35"
1.74001340822887,0.713402025951795,-0.416396043711089,0.759566338372585,0.449410380711719,"17","16"
4.91579821082393,0.880574997531657,0.464959356088992,1.36332038963684,0.736000064974643,"13","2"
1.92804972859608,-0.266008813579742,-0.700246714870711,0.0730557870156395,-0.748103277000345,"10","26"
0.204842314957558,-0.105613581265821,0.49641542273326,-0.230778088423683,-0.909892044651784,"4","14"
1.89756884044799,1.95968148712724,1.66234203600672,1.72219599394777,-1.40697632495569,"10","25"
2.69095643858355,0.916579813683203,0.509674791491381,-0.337624505237874,-0.139099123648747,"20","35"
0.0145706531817608,-1.66487018242424,0.222601780449634,0.891965137573425,1.21913672843241,"18","7"
5.54323017563816,-1.58118194211001,-1.83684207333838,-1.42406308060054,-0.462901827910537,"3","8"
1.95277643641591,1.66993545543238,-0.573863170840697,-1.62862687168782,0.18580028833115,"8","19"
0.297641727795657,-1.90444373960063,1.0543847832704,-1.69005625394876,0.707830825830438,"3","19"
0.196211797129355,-1.31404507722069,-0.478259802396168,-0.251608334116146,0.853588340688522,"5","2"
6.64204607966946,1.21485384527546,1.16694829677027,0.0800332286403551,0.0878197228173472,"1","20"
33.4570837430741,0.19367435310386,-0.415175863834046,0.0138482382909206,-0.530882879120408,"15","6"
34.8239637052097,-0.258133103799051,3.11307551918665,0.0569902423872367,0.527014898211761,"4","9"
0.480453143248319,0.633158790152643,0.614456020573954,-0.39070418756606,0.348112398350993,"10","15"
0.88611192549059,1.04157943274756,0.255733760009618,2.02290106033414,-0.600573314570447,"13","33"
1.26894720948333,0.204384859248716,0.413464958127904,-0.765435829564944,-1.76357973092357,"9","11"
0.753483679188267,-0.388877261372491,-1.65894828741652,0.611259798987133,-0.364515383677466,"7","1"
0.780096861990748,-1.01984523638805,-0.58268102295487,0.7623411435398,-0.56446847371203,"5","18"
0.396422620671761,-0.0738543056188413,1.45719087174244,0.460428910286208,0.332769539963606,"13","36"
0.187397176651367,-0.333720302805994,-0.44940986951414,-1.20130449481755,-0.494160927248202,"7","22"
2.58551914928981,0.653791619748353,0.144441441489715,-0.020772747291662,0.597396186323115,"5","19"
2.12926520297909,0.914542818378243,0.19446558427898,1.00656439832636,-0.72317467194195,"12","13"
5.05116831605214,-0.162434260726144,0.021924893356626,-0.649868034265452,0.090431958055891,"3","2"
4.6050372529994,-1.79821269581964,-0.445105344217861,1.3133594584514,-1.50705732135951,"1","8"
1.22661352933937,-0.425936475999237,0.94454298109744,0.839826150903057,-1.55124684351926,"7","36"
2.84592583947221,-0.978941645077541,0.945092937126068,0.0485872314098062,1.91560769093335,"15","24"
23.6951878267172,1.22734009131453,-0.172580424124255,0.655755707910518,-0.353199159791362,"9","34"
3.41028019649941,0.357629396559768,-0.810129290499121,-0.0364944887887396,-0.831401444189237,"20","11"
0.0702239853776868,1.08244285815111,-0.0768767099793757,-0.475756010218975,1.26335745680496,"12","3"
7.86436267062105,0.157822657619994,-0.929561155221866,-1.36286994694131,-0.216508348728679,"4","6"
0.669365468949134,-1.41660635425048,0.297048174325713,-2.08357256363951,1.28954486349518,"1","32"
0.229455238142683,-0.746626896153029,-0.9168435115296,0.356671398781422,-0.362703778936047,"16","40"
2.15958930642915,0.69732510255736,-0.0308522584970856,-0.676528762943247,-0.568590927530325,"11","25"
0.499149215613736,0.932959803859309,-1.1318951673482,-0.609411611701664,-0.472555958446381,"13","4"
0.59477604765947,-0.119446926245417,0.979819141015757,1.40070459284323,1.78869995297677,"2","14"
0.780045523644783,-0.952847599769724,-0.131228715582621,0.167186980535607,-0.2282322271066,"15","14"
1.40452110642852,-0.381208141821048,-0.309689593857489,-1.2771256413302,-0.787648677337986,"19","12"
0.524965485383427,0.217270083948784,0.649105911887711,0.871042010232535,-1.81458913507523,"7","13"
0.00454269750088059,-1.12934903063308,2.81125068101898,-0.00208429028969045,1.12647597438811,"12","31"
0.0933963426059272,1.59827748448138,2.24989254568997,-0.526250475044352,-0.0109282008550644,"6","18"
34.8575053460429,0.156914185648618,0.107286399311807,2.70684929024638,-1.11899680069113,"14","29"
0.0802593437465069,-1.50718954136582,-0.282084636939742,-0.529803574263023,0.218348888402985,"10","24"
0.35330689681387,0.458062316983423,0.804815509048913,-0.478197875429774,-0.0230871738423191,"20","22"
7.76774129219552,-0.869721017226369,2.13841186845212,-0.832787255763027,0.52487666779289,"15","12"
0.376186082394946,0.171275771992971,0.220234963231987,-1.61428096437446,0.700621249352904,"8","30"
0.367118101906169,0.489688648605945,0.0928128087726618,-1.52443576694379,1.21745231272404,"5","32"
0.788519032716652,0.821313298256412,-0.0180241265391026,-0.99935292207689,1.0869429992722,"13","28"
8.43421812126716,0.0496314111429487,0.195776378529211,-0.612864815720278,-1.82016959775648,"11","20"
0.129579554112227,-0.741717820017591,-0.372974161845616,0.178147283202996,0.702090544600952,"18","4"
0.031758173088887,-0.745601656691111,-1.07027508372067,0.0413985941963658,0.215363002353276,"18","10"
8.84090810788713,-0.266241108934904,-1.41619379185609,-0.00307772476840625,-2.28703480353326,"3","31"
0.879346329164611,-1.7181676456416,-0.0577010696889448,0.500847910814597,-0.420515654973133,"12","20"
2.67210774256821,2.01109719261089,0.71702191103313,-0.145553946656064,-0.88193425255132,"17","13"
0.283811659916968,-1.26590819467582,-1.11402391240586,-1.8850358337718,-0.312596763772225,"7","12"
0.458497390312538,-0.381827898260511,1.9267205679538,0.148125968285285,0.120767599813922,"1","2"
3.22277464656985,0.437493898575649,-0.0686127638568636,0.301233522231084,-0.649061434280776,"2","13"
0.133144440875207,-0.863461895216641,-0.0371613865950001,-2.11042250962514,0.340237698849434,"4","6"
0.199937117205766,-0.670716830100684,0.622782574619709,-0.0406704896005758,-0.0927598690595637,"19","10"
0.491840256425082,0.234789561858692,0.861421220905982,-0.35213799191866,2.27959786285835,"15","15"
47.1434152487128,1.46535480221744,1.37298042882404,-0.66345065142436,-0.271888231270635,"15","9"
1.12866922755576,0.372382660758129,-1.73300284080321,0.127172246266404,1.67917550085423,"14","14"
7.5886103862484,0.359347511162746,-0.171168161718546,0.509270455077289,-2.56855144799229,"5","6"
0.46276379862777,0.330859226278911,0.73499992436577,0.841269442285405,-0.781360054492485,"3","17"
3.2901467961923,-0.564597075231437,-0.176747396893813,1.27516756963128,0.456598963299968,"6","6"
12.619079083261,1.31693325259709,-0.476514811203385,0.552829311293752,0.474730642543451,"7","40"
5.82359973150371,0.363966632854464,-0.196107543980278,1.60852239067525,-0.799968141669143,"14","6"
1.68122160896404,-3.32113929326747,1.22931266448678,-0.235014461145584,-0.848862831861043,"8","17"
2.06535325640018,-1.59113370200918,-1.69377540880997,-0.715861642632828,1.33822251771989,"10","6"
1.75352246656806,3.29944493719493,-0.405191282608922,-0.721159986918314,-1.28207312527118,"11","35"
0.0631518197102446,-1.95510398661829,1.27276055530298,1.55755117135116,-0.560955769702516,"16","38"
2.04745683206407,-0.134805850529573,0.643371294570453,-1.66151859796871,0.0383031338541335,"14","12"
0.683304780461944,-0.873984773969078,0.899101096076008,-0.47149091171177,1.38390192418657,"16","34"
1.82689972451283,1.41104462565904,-0.394101905685676,-0.58854543428,-0.854787980251236,"14","21"
0.503200828272185,-1.19001843068877,-0.64669658448126,-0.948064290783006,0.608950553621763,"8","40"
1.19346716099708,-0.748669645816604,-0.472035338167753,-0.508973292050377,-0.424746840070613,"5","7"
3.39004529489196,0.629194816642847,0.275168641981985,0.0632859265617247,-1.61635529085973,"10","11"
0.983353837868318,0.742658440496282,-0.232867646406575,1.01187652748066,-0.454862336509184,"2","39"
0.442175255592185,-1.64745507845002,0.902662723355536,-0.541264769490687,1.87104335653336,"12","24"
0.405038966867005,-0.954195413930072,-0.759346228812652,-0.729249151709993,2.31351947334028,"4","30"
1.9741105228929,-0.443310773947136,-1.96867596840729,0.468137300793714,0.0894176897674322,"10","13"
26.7357160753864,0.255922492803447,0.939197631886558,2.63884212571115,-2.36414456906762,"4","4"
2.25130537808965,0.397391245149668,0.567747872411837,0.573772737263892,1.81013765274861,"9","24"
1.97102379200255,-0.351754012418826,0.989667507818945,-2.3691940863767,-0.132727314276198,"17","1"
5.24999373700769,-0.132007006869852,2.77863129277815,-0.941830234621163,-1.62645192379914,"5","12"
1.65487056473298,1.65271303284651,0.310220540554309,1.01348646823956,-2.05934860719477,"16","30"
5.6691737614278,1.06235902541991,-0.898423344135806,-0.192926177545503,-0.40038843407162,"9","28"
6.3110848230969,0.568599981533065,-1.87114152636884,-0.708090799964033,-1.14080726359962,"12","8"
21.1912966719109,0.274303744698861,-1.73148971267998,0.96859347364421,-2.30517065748849,"15","38"
0.427377854932456,0.239319936739524,0.999510404667796,-0.831840710296463,-1.50523277525298,"1","22"
0.378774600511861,1.24378760376111,1.53309912769237,-1.73225192873923,-1.47733640790124,"3","10"
0.0316763582367539,-2.00217298192781,1.218078738854,1.50803637982951,-0.983228073248472,"13","3"
14.1449052405205,0.676726063142013,-0.868273191317281,-1.15025380535827,-0.614325271490165,"12","20"
0.957682201157166,2.50948913213141,-0.784155397849994,0.524007210693503,0.723848669072822,"8","27"
5.48048173131266,1.42148210543824,0.89171130576568,-0.681350220985188,-1.01180363794485,"9","26"
0.0367389363386011,1.84824568285737,2.3570440233112,-0.292713379316175,0.863083553263437,"13","38"
0.148665240194834,-1.24864803746231,0.982229517536008,-0.528352181067985,-0.354267892664091,"6","39"
13.0177533072999,0.978731539062518,-0.420615775001136,0.906460954450785,0.29168074483939,"8","36"
0.939833004140392,1.87045282780871,-0.914977565462014,0.0408008171667277,-0.591627367313489,"10","37"
0.626570482781531,-0.747313807160142,0.955318883422926,0.0847875640331163,0.760811055495025,"20","21"
2.13866625102284,-0.977803537912541,-1.13741537516398,-0.532059986116947,-0.621897683214179,"6","15"
0.0959750355197161,0.353197575160088,0.281856156606735,1.15142330770642,-1.80991568563687,"11","24"
0.136159546648223,0.709129222111198,0.547556391019573,0.304970407466567,2.04245154426917,"16","1"
0.2828011107982,-1.0834832200512,0.237341732209122,-0.537828850101048,-1.17485684167703,"1","9"
0.810964381051517,-1.42897947404685,-0.563944132331637,0.556595772542421,-0.189592223143922,"16","28"
2.39448514008677,1.06736369812377,-0.0367496692665027,1.14055229970986,-0.790861677474924,"3","3"
0.451784072276064,-1.7445903727945,-0.0958724039100788,-0.214296039480313,0.123022476338586,"16","26"
1.47886523797328,-0.937324662330261,0.0573735211441461,0.363091330397028,-2.4937275589984,"16","29"
0.980878162329586,0.491422966271245,-0.696746477113624,0.233350340266539,-0.935621665472479,"18","32"
1.49318151667162,0.603094694703016,0.715287605446001,-1.17459970079016,-1.99214994371687,"10","35"
1.45789642329242,0.418793976116019,0.518935006559176,-0.947333281202998,-0.585646631104245,"4","32"
3.1695819413957,-0.583390417195239,-1.7421380482859,-1.54226901379624,0.039680359991401,"17","20"
0.301223545831804,0.120011530993175,1.17671147857177,-1.419434900093,-0.0453372872272154,"5","3"
0.653801560984988,-0.098979576067691,0.275442223291498,0.801330311304237,1.80479190592263,"2","37"
1.00570817608633,1.78329755586239,2.112435135219,0.306431141283771,-0.464343586861393,"7","36"
0.62914070624939,-0.320360538161821,-0.238247127486228,-0.213146115544209,-0.0976124763199822,"2","9"
0.880663144530827,-1.22284596577668,0.974711034135129,-0.417228343486684,-1.33781991577431,"15","14"
6.48076897975788,0.387457041366747,-0.63730721802497,-0.155441320792431,0.710227595586672,"20","6"
2.70843299439284,1.88673050376283,0.912540435590436,0.118058643000515,-1.16556443286673,"1","2"
0.0181943843137559,1.25201551495735,1.42175562031403,0.273110428021809,0.263762447777005,"13","31"
3.61405089566996,1.66012119378211,-0.247852687486023,-0.74460687703934,0.0946458109165472,"14","20"
0.101979698947739,-1.73010098476942,1.18067004443279,-1.80405119192179,1.5456223186365,"13","19"
28.2053290062016,1.00080266181166,0.635334887246855,2.02460298378742,0.599226225321734,"17","7"
2.05097695315961,-0.654817569392502,0.0354089797351679,-0.406013882737672,-0.858999020778773,"12","23"
2.34565439933027,0.496032005520789,-0.0801361214369011,0.46019131793673,-0.21879778981895,"3","21"
0.346132340349993,-1.29296939700884,-2.0565328939012,1.03361276309736,-2.43603426502496,"18","27"
1.44264736788128,0.257541827505037,2.18126956786025,0.367154042448594,-0.516543214372719,"1","7"
0.366811407629009,-0.350663808350106,0.320494612706926,1.82118049649591,-0.858511726907027,"1","13"
0.801783552629521,1.79481489614104,1.53738208844821,-0.0726835386000011,-0.552201424591482,"9","15"
2.3543528936821,-0.44942523049271,-1.10402110764845,-1.70487117420389,0.305635428907439,"10","2"
2.83139295769052,0.913586218652811,-2.1881031894693,-0.209917143971097,1.43754875915525,"2","14"
0.080294054149914,0.0770304589960031,-0.466567723252632,-1.82732958484102,0.113021464187163,"8","3"
1.20440407688465,-0.374706684133385,-0.470095483613667,0.315263756496746,-0.896284267045948,"19","17"
0.418906684906438,0.224970501449739,-0.188768739571378,-1.08924707663191,-0.161014376368891,"13","2"
0.917725063786807,0.059957645193902,0.207323421908197,-0.492095578702653,0.402548825395147,"18","12"
0.613890906669005,2.4158592876083,-0.0140120932811323,1.84002474619491,-0.297142575949906,"5","17"
0.18728576308217,0.625612237741585,-1.0198097259156,-1.85859614326008,-0.170601546865302,"13","19"
0.265541846574324,-2.90337283213891,-0.860817106039175,-0.599725861441898,0.267352510637576,"8","27"
1.03326591499949,1.7110886695934,0.144073904381985,0.962771444820047,0.40146046308596,"14","30"
0.448762019846846,1.32668598845597,-0.23232903987152,0.791180937933342,0.369612919737507,"14","27"
0.432458096703131,-0.253319167556845,0.0770644370265964,1.20188214526316,1.11300357530355,"17","15"
3.0030221680426,-0.013028865199849,-0.747480313333275,0.645437506313921,0.967945775431975,"19","7"
18.3505004799172,1.58980820190947,-0.725431509790721,-0.406930547882766,-1.43161354425529,"9","25"
2.51661665062228,-0.766199623427633,0.453407999835222,-0.1369129866452,-1.0847966447321,"2","4"
9.05015572037215,2.36745552467191,-0.679457803434154,-0.150251029203459,0.78824907470276,"2","29"
0.737242854499798,-0.572174087089283,1.77098959448958,0.778805842065705,-0.962223337765396,"14","37"
5.06700860955171,-0.78721970565051,-1.48213821874789,0.431361424572987,-0.0839866103273379,"8","38"
1.20795666351479,0.634970395102625,0.86556584936208,-0.643673659591642,0.61838596123536,"20","2"
15.668307966734,0.102536738294734,0.446564635372997,1.66324124664651,-0.242078181942574,"17","28"
1.32634148439124,0.49629735554833,0.808586725405477,0.193878654849144,-0.661508693031219,"8","39"
0.209142905853422,-0.995331215130493,-0.265412984304248,-1.98220092462023,1.2838254406878,"9","18"
1.31863286265776,0.48734528486785,1.87745136497383,0.573467068195755,1.80194831006418,"10","6"
1.22038237848027,0.101087257907419,-0.527361108321772,-0.119897276274398,1.1001455455148,"9","37"
0.368343094204109,-1.70125674026687,0.532635369037071,0.175518563249708,-1.30150914186794,"19","4"
1.98807124898362,-0.1683669097068,0.0138201755300285,1.01675129742666,-0.472536199522417,"17","25"
7.78839140153982,0.750674446279266,-0.416464961340624,-0.404233478159621,-1.75855715246174,"16","2"
4.87115830553163,0.0852341354413965,1.19842083838187,0.716072593132873,0.122742120972458,"3","20"
1.05608922575928,-0.214090300887101,-0.00862738144073531,1.22786194182372,-0.238896385530107,"6","32"
0.464538377164513,1.03886932513643,1.55126709225637,0.0389346426195534,0.479319366931908,"13","7"
9.87821208335562,1.22902792847577,-1.52921634882575,0.489315099294623,-0.252698469170144,"7","34"
28.4841485186833,-0.0757424293760936,2.14749549977359,1.12549569799737,0.4794981305541,"9","9"
15.3855124863683,-1.19897329321744,-0.928142825348106,0.736037666575732,-2.48763550577432,"15","30"
10.3863637957265,0.632109199726263,-0.080704894475794,-0.124719406843863,0.306393157558312,"3","7"
0.259916920787217,0.599719339989502,-0.481461069001853,0.698718131014323,-1.16061484154149,"8","21"
1.22435518330376,-0.708557189044346,-0.818713390542999,2.00945457278598,0.146189263003462,"19","17"
6.73629358531865,4.42959764113616,-1.78437429948235,-0.290695428912751,2.0589453317038,"7","35"
0.670546349744315,-1.97861243759096,-0.0903042135282216,-1.91910307110177,-0.701567631794327,"6","31"
0.719449999140424,0.105912886898354,0.367686784078632,1.409407415058,0.88325097178303,"9","35"
1.63876255363822,0.606322175269591,0.248247030502553,0.0216001498666835,0.799772158374312,"17","33"
1.26935385683968,-1.01481459502979,0.208859989549741,1.52852304570601,0.164121765978778,"7","2"
15.5694001223335,0.0547808980277312,-0.986101535919585,2.18194273329204,-0.522142343578273,"12","32"
2.30467527908925,0.41905972133284,-0.6031624997357,0.178247880036243,-1.19516741783013,"4","18"
2.51663078197984,1.2945333173587,0.503641135535747,-0.863863379894262,-0.315558630175679,"3","14"
1.48187465397919,0.594069843043275,1.62059228824528,0.134661491482778,0.466224336727831,"8","30"
1.55749337137336,-0.598790396684158,-0.108374325801896,0.968005589812304,-1.35490956524783,"10","7"
0.583571200752486,0.0204090853370609,0.903062736431631,0.462173328105731,0.344685249414503,"10","23"
8.68779540096709,-0.82190468694316,-2.76657080501935,0.518358515804088,-1.4494267286529,"19","23"
1.45030168626053,0.434231806764038,0.551483509669442,-0.268675721523734,-1.242162322511,"19","30"
2.17033968169189,-0.306944150907615,-0.586092808240686,0.567232943517271,-1.2051663413407,"9","1"
0.368166081498848,1.30343992010656,-0.385111129170004,-0.0988180783592298,0.427089967932081,"6","14"
4.0900814430129,0.67286882718596,-2.64137633205109,-0.461859528958829,-1.70698603561728,"11","8"
0.944911744142971,-2.20070567334833,0.682072749573485,0.307391504981615,-0.765658874792893,"4","13"
0.469495109859302,-0.381501085180509,-1.06791501026541,0.733626870101521,-1.63620632610476,"19","14"
0.333461335982801,-0.760209415813376,0.892662103989836,0.218871619699266,0.174214398111307,"17","4"
0.778730132117345,0.21957566168503,-0.948026045730995,-1.0057555977391,-0.114171488686029,"17","24"
3.50448118118916,0.346784068449576,-0.761132596674275,-1.19190130948781,0.524747948083378,"1","25"
1.35450116126296,-1.12451672942764,-0.433956468606028,0.657468797697547,0.700785026669726,"3","18"
0.814514108876768,-0.782406117397721,-0.405889694278455,-0.260220316345173,0.147486279286925,"18","6"
0.881736572982476,-0.107821146039719,-0.159539438311686,-0.0497684672518731,-0.735855396646079,"12","19"
1.06082381470635,0.198219672169567,1.07634219479563,-0.349402627745466,-1.00611737088596,"8","36"
0.361219262452577,0.51898408495414,-0.262032093600185,-2.17199456836674,0.572096675826882,"6","7"
6.66132372136212,-0.616864599378826,-0.802725521214186,-0.779424081761777,-0.324485077012333,"15","23"
0.663421252502483,0.258109183719023,-0.0524954916635046,1.01561833381847,-0.95506667802554,"4","3"
3.15548405255569,-0.846085538052063,-0.760763104109454,-0.687703984550715,-0.175756330498806,"5","2"
0.202866301119046,-1.33790247691636,-2.5679950787109,0.780481389272959,0.691896913972766,"2","5"
1.9214393166438,0.0202670886062472,-1.17151569123149,0.463844695203602,1.11052232625794,"8","25"
2.22502403360266,0.586517912184934,0.996459618838401,1.39301788317815,-0.999324007717379,"15","27"
2.93694150128522,-0.194645291296529,0.13099001176683,-1.06341507182783,-0.518967300520955,"3","24"
1.70380963315417,-0.493943545617237,-0.659036362096652,-0.246749187389851,-0.213374208257692,"12","39"
0.651188432693262,-0.752369298940348,-0.625613958571546,-0.665305006674236,-1.08943483097252,"3","4"
0.950056169004997,-2.19794629062312,-0.255181489002946,1.14658401521418,0.675226251525305,"19","12"
4.17045899544046,0.881134472953066,0.0525666501292341,-1.10498702166587,-0.0988872738935,"9","19"
0.39359037220964,-0.227748118171427,-0.147559155011248,0.441025411391292,0.701414933429618,"7","24"
1.00318348013984,-1.36216270922942,0.368005912038814,-0.0778018080110667,0.0546007723723315,"7","40"
1.80530456092678,-0.482103053981831,-0.599971820353404,0.225330713619532,-0.748168238581418,"12","27"
0.0969118769851214,-1.18771120774781,0.716977997823037,-1.12894326971388,0.242102611432865,"16","23"
1.59224948750797,-0.525815204708904,0.11626562961722,-1.28522163424527,1.56576486286156,"20","8"
1.1819927260254,-0.702674929395879,-0.0633320320454624,0.143669453011303,0.208918899876141,"8","16"
0.296723930778189,-0.607329099948223,-0.25999979728526,-0.988166916951248,-0.398725422395713,"6","4"
2.89455150955571,0.424532205786731,-1.614084283389,0.145624842729923,0.237643133530621,"8","29"
1.34275581289353,-1.12867061404589,0.988376657509449,0.632348143969833,-1.62837031076713,"9","30"
0.0639803633673385,-1.46364921178952,-1.18903236515098,-1.72046923322894,-1.01702346453381,"2","24"
5.03793114755635,-1.83449220307773,-2.25235274007246,0.127860758722376,-1.21516991429631,"14","37"
4.7028483415902,0.247507921329057,-1.14987864656821,-1.68044334394135,-0.878668734117847,"15","25"
1.89785115596544,1.09930472317636,-0.790245836856508,0.515128069521328,-0.967365788163623,"20","3"
1.65828967552418,-1.928604113922,0.0461579466476565,-0.768147952250504,-0.890153534370003,"10","26"
7.00432594573336,-0.909929008319705,0.264197685552746,0.502698312369298,-1.87572114665212,"14","11"
0.458481848371045,-0.328048187860065,0.626206919325254,0.0406462275972616,-0.60904263767913,"6","11"
1.44433303326267,-0.684999538374015,-1.38839664004658,-1.69602190708994,0.147725931512557,"20","7"
11.5538417787185,1.5006288012387,0.183879891058638,-2.66825082202353,-0.581653071996524,"1","40"
11.4609034038023,0.556982132992713,-1.66128763630443,1.87088142382653,-0.955912061864205,"17","14"
0.413287079797321,-1.63122517876011,1.13729175976165,1.74832258008422,1.2149276067272,"3","2"
1.3028937422309,0.0898306296843761,0.0575523563556462,-0.393022813677347,1.57365369437115,"2","1"
11.1839136265214,0.916238642304824,-0.0486306268571289,0.837982451466803,-0.998611601246762,"11","8"
0.970573112674021,-1.46796970125053,-0.588711067326768,0.884470482531967,-0.0831747666145528,"13","26"
1.42197469150971,0.036657147454322,-0.685579988462694,-1.2049353854149,-1.83309515043288,"5","28"
2.19594897145834,-0.0941272268755676,-0.369421144525131,0.607361185413923,0.638850848725264,"15","33"
5.39693986025786,1.45285365247407,-0.749916629335105,-0.714712412009435,-0.774628981842339,"15","1"
0.234355712223143,-0.653522761818699,-0.431750504079024,-1.92291917980515,0.120203883231667,"17","19"
14.0659010850269,-1.23629750436985,-0.97737054793474,-0.924276789362637,-0.822462474080304,"15","39"
0.848165417111672,0.350398889064031,1.41657432671203,-1.30388536042057,-0.352321450386774,"20","6"
1.13503726637654,-0.797571018628481,0.916784552519206,-1.19727004174079,-0.15546827675881,"3","16"
198.181732540613,0.751064802947752,-0.481241138243118,2.15008490958604,-1.50952956520109,"17","29"
3.95808645793853,1.91957372851714,-0.443804065605146,0.898089052548658,1.11369050217237,"1","24"
1.4585220178781,0.606150575730704,-0.263712268611586,-0.7789900221686,1.20007331149794,"5","34"
0.897165620236012,-1.83162016278025,-1.53093536968616,0.135144650517608,0.200471241071847,"3","34"
5.68540836647006,1.98698953977775,1.54856454801578,-0.0864239952349478,-0.269484426594177,"18","12"
0.574345091822595,0.683210450993633,-0.240296649166267,0.454112505925605,-0.0328088092595085,"16","10"
3.53566888506312,-1.67808674356313,-0.407779153866749,1.29591849229697,-0.22692270201651,"3","20"
2.54259472491178,1.62765961347126,0.936815263815867,-0.100247384805323,2.43500079555768,"13","39"
1.68902114190523,1.88237625368862,1.15867966295962,-1.10124983697684,1.98703186542131,"17","16"
0.610775006859974,0.822724917121564,-0.54109254294327,1.13420844361083,0.786867970259934,"12","24"
0.297865700109261,-0.215219936378581,-2.44488480190123,0.532279428005889,-1.42160036136151,"3","3"
1.33553496426328,-1.71837647052726,0.277571590071823,1.2820398542379,0.000139255518121143,"4","26"
0.913969324300309,-0.455724870706376,-1.05149078954489,0.598408043897871,0.646479136119315,"18","40"
9.24089912740441,2.23424673974123,0.968093252950732,-0.546655070264507,-0.351438094409713,"2","36"
2.9579777941372,1.20833384560255,-0.26344550558071,0.91571674645486,0.716218172347865,"10","29"
0.44688751935155,-0.0999726234771935,0.996782539173878,-0.70774817625852,-0.602551778159775,"1","35"
2.12356401191246,-0.166571053955768,1.21297067934353,1.3060135510508,-0.336002009217392,"12","25"
0.85531621701691,-0.0254245289432036,0.6211062447187,1.32882035258558,0.450333255801689,"3","17"
0.714667281249508,0.185137877838207,0.894296400492875,-0.507905219745097,-0.432533625984136,"16","34"
6.51764591706052,-0.742426138365028,0.38377032250988,0.634548718680009,0.201548659525771,"6","28"
0.709191065513137,0.0520013320524819,0.0324191981419042,0.668663443586127,0.197978203186993,"19","24"
1.39151021161662,-0.933088344855447,-2.0459790414209,-0.612402872620732,-0.883826906898558,"7","23"
2.23353928250807,0.441721564209705,-0.653879894585747,-0.723480944391815,0.599511429071061,"20","7"
21.6685369265375,-1.59597561055063,-2.99923272766885,-0.816048274849249,-0.463255859366033,"15","33"
1.00610795969516,0.241618091975112,-1.93118232360871,0.519906337609348,-0.183910451061463,"5","37"
0.268499380066558,-1.10154147967054,0.276766225930508,-0.132455954088471,-1.68922802358102,"18","24"
0.732342946933541,-0.10356940598739,-1.38322238798297,-0.471579903061603,0.0708349507662428,"13","8"
0.140322949643404,0.264447459245252,-0.253101357063054,0.457438656880672,-1.61133323709445,"7","10"
0.306260560854743,0.513459489171568,-0.939777919157598,0.928742837613075,-0.0787618800660569,"16","23"
3.42006594077145,1.15970599726165,0.574637473991461,-1.48675379633226,-0.156114754713992,"14","36"
1.34978925669817,0.799830943600197,0.0641542837855519,1.78104075628157,-2.01002949694081,"10","16"
1.8610283062327,2.0094107548152,0.162451617637354,-1.3812031043664,-2.27554331128564,"16","23"
0.513076472223826,-1.62767047816307,-0.0904774399210996,-0.366834126372172,0.89587432553078,"13","35"
2.04608001850425,-2.24913886459846,-1.28815101381916,0.034921118061347,-0.0614702290969301,"17","23"
12.5574829235767,0.175856618700515,1.34068771052396,1.01558462827965,-0.0957538523673485,"1","9"
1.10623857998598,-0.216698031803869,0.0846773174283948,1.16846875558063,-0.297866038735636,"2","1"
51.4279101025159,1.13665264139206,-1.87080615891249,-0.350107303163582,-1.27483229432002,"14","20"
0.473561839661871,-0.377496967844712,0.321154878952957,-0.990529001556512,-0.980935348337182,"16","30"
0.0453916266177486,-0.72618833887552,-0.0327770075410324,-0.44527584025459,-0.274782211414812,"1","14"
0.98276260074965,0.107563019323034,-1.07049335581928,-0.537455761921874,-0.356229474906602,"10","8"
0.20226646907072,-0.503188194750704,1.12100705059078,1.1612530882171,-1.08251512786277,"13","27"
0.0846989081353818,0.191128459643434,1.7260612351985,0.495012922944848,-1.08342139785224,"12","22"
0.735403261501937,-0.256371246845942,-1.08647297412554,-1.10387000425093,-0.534794215589809,"14","6"
0.596261115932336,-0.0893873630437494,-1.04212679869813,-0.267940845124272,0.467959003815009,"8","12"
1.3775617125724,-0.300816089607716,-0.458436604507179,0.32874512531623,-0.700222462177179,"14","22"
0.0408325207945402,-0.0189530785273112,1.22473682351498,1.69923894458208,1.06947876830592,"16","15"
0.914026638025041,1.29657440610573,1.02685237683195,-0.508695068407369,-0.931342697382725,"13","23"
2.77077293549116,0.820778551610154,-0.636920735181455,0.232372839736702,-1.27358776552971,"9","15"
1.45179380824569,0.337516282625684,-0.908485220357281,-1.63401634404554,0.343184921308245,"16","25"
2.46403032290041,2.26862625443177,0.31120309973583,1.68062020111012,1.87399750519138,"8","2"
0.060032525141365,-0.37660686177121,0.723107338381898,2.20105017485443,-0.0191786344939469,"6","14"
0.690031669858721,-0.283531518383073,-0.319678091620313,-0.303236527909904,-0.282623587846028,"2","18"
3.79863748059755,0.747041292182329,-1.01632940900645,-0.474392181600398,-0.128071585218393,"4","39"
0.459890797459891,-0.941914491407207,0.577849053351277,-0.430175295404836,0.632797978478422,"9","2"
2.04814781084508,1.24521970476535,0.366609930534983,-1.09549140942745,-0.361759516267134,"19","23"
0.550137648718505,-2.00918491191872,-1.75024647042782,-0.74112263941396,0.324562445853131,"9","8"
0.187774165024685,-0.431465312669554,0.137189442371667,1.33052247267184,0.182778658656346,"16","23"
13.4085735916712,0.58598638315924,-1.32914275093002,0.880423024115155,-1.5611294582237,"8","39"
0.458394608917461,-1.81956750355912,-1.56419775579189,1.68939231166212,-2.19197214273318,"18","23"
7.87783457062542,-0.911873832380043,-3.04059941207733,-0.895254231528328,0.576647184752758,"6","25"
1.31371322114599,-0.534037526880227,-1.17944570372366,-1.65852394935019,-1.48453226363268,"20","36"
2.26083412506442,0.940476457732136,0.465233633518346,-1.02483858769879,0.750061634618845,"14","7"
0.938009630301308,-0.129565057715643,-1.12255643553538,0.8086243853427,0.783228845438363,"20","21"
0.518903422156867,-0.340283308887131,0.901679653441426,1.59516500050216,-1.34602083088996,"2","1"
17.9706194227708,1.46387917656635,0.494716058398534,1.42563488661367,-0.179894863404046,"4","8"
1.58662266631526,-0.273422559092604,-0.533143077008264,-0.0905261497640531,-0.56590818911676,"6","20"
11.3653376477883,1.85479830363879,0.552605957087974,-1.08190121448476,-1.32036337881105,"10","5"
0.190480856688165,0.233891477693758,-0.310745375147395,-1.2337627051168,-0.757059783433755,"20","39"
6.91434438617955,0.866344758643373,0.113656930649155,0.270938192873062,-0.0620640303506115,"14","7"
0.196548421444171,-1.05621947743017,1.17871662654297,-0.0659270611627348,0.929982926935386,"3","7"
1.22061958915005,1.02505868001687,0.0833171871813279,1.52339518725667,0.197289103020488,"15","32"
2.43378446605365,0.194058527534144,-0.154114339269641,-1.25798635305968,-0.0901209810453543,"1","35"
1.6508310615788,-0.217460546744693,-0.201801591212657,-1.12230108081002,-0.761270849815614,"20","36"
13.6158962576613,1.18237618560743,-2.46216130237482,-1.62620199106963,-1.66176930958035,"9","37"
0.549387092837273,0.21872989874327,-0.798554090881612,-1.03372909809911,0.231991484886012,"18","32"
27.0205422355552,0.395127540079892,0.629361145343958,0.850516275307083,0.957618031225501,"2","40"
0.878712325284188,1.29948793237323,-0.194669555097503,-1.45892906556479,0.277975697799037,"10","21"
0.344686949151991,0.528360758581784,0.329560557906914,-0.0619988429340939,0.182632312016448,"1","38"
0.0958885277089788,-0.0854639630767412,-0.296204188403778,-1.012984668011,0.653795720204693,"3","33"
0.627504698314782,0.115193149958364,-1.16449167097223,1.39010903183186,1.1623822033228,"14","1"
0.126278544353834,-0.404635538861105,-0.308689684244581,1.36690293937186,0.78459693735592,"2","21"
0.0679303661475148,-0.989584714077079,-0.527376355936113,-1.06702430260609,-0.393721895289184,"10","25"
0.309013098023334,1.31442262870925,0.51293871265926,-0.0119154794917686,0.712581483221917,"19","38"
1.07423605331858,-2.04914636035443,0.326944328426137,-0.505438483658003,0.108491750950827,"10","35"
0.0685918275095215,-0.197278393035347,0.571063207224656,-0.283022052010845,2.50515512343092,"6","3"
0.38211274818675,0.498713381911842,-0.607017137641755,1.73950840150732,2.13198972709095,"7","26"
1.14962934658821,-0.263554902606548,0.231959701238007,0.318505355348296,0.751407484065874,"13","39"
3.12462749977919,0.713170150508142,-0.973583664381675,0.403926281082916,2.02274814288188,"12","2"
0.260065328193776,-1.26238187596275,0.67857285905895,-1.02991790775816,-0.814168021031048,"18","9"
0.876871717248087,1.27289487366908,1.8552868220867,0.866894661268938,0.172033612267385,"10","23"
56.6190387061138,0.349155364927788,-0.6547459800836,0.23755824401501,0.0380144921935214,"15","2"
4.04195053554306,-0.361518323344811,-1.03070447920347,0.293183449772886,-1.57766692633497,"15","19"
2.55043016653044,0.867860298879687,-0.490573688921619,-0.510779845270483,-0.698681127222056,"16","35"
1.66554622389228,-0.330553628773284,-1.42197697322328,-0.49798466133795,1.88331822376228,"8","36"
1.1926795158206,0.405942423550309,0.539597907067037,-0.481753259647707,-0.0998272763026056,"5","24"
6.7194029259263,1.26250864213796,-0.41194134380107,-0.475825257755358,-1.52531013834495,"3","1"
6.52111274036196,-1.04138954486548,-0.595407573422015,-1.17793835488148,0.517293309395115,"19","8"
0.478712003778534,-0.695011687746514,-0.0784770730817006,-0.207388281490971,0.783072388744104,"13","36"
4.12683378478619,0.5538449443921,-1.16384694736586,0.411851529373261,-1.1416368645817,"12","17"
9.95287948057512,-0.10556555753662,1.16202116562982,-0.135986132865843,-0.871539106191121,"4","20"
0.61655197654731,0.314798738428343,0.164900685637968,-1.23432156403892,-0.347128500188766,"6","35"
2.2041126912805,-0.405435582066528,1.30144942587741,0.793274298700218,-1.05938354983867,"20","9"
0.108559548199439,-1.28267281382912,-0.675995578871925,-0.141125548901334,1.29287599575903,"13","9"
6.16811050484257,0.104668750477839,0.210833130950078,0.704150727002772,1.46010384568605,"3","9"
1.35800319130129,0.353197980801765,0.934476045644964,-0.815844203458275,1.00461792592498,"7","9"
0.871872142274706,-0.45423072262624,-0.229005007744376,-2.24164773427791,0.514754400615887,"20","29"
4.402012376681,0.604394052892026,-0.456049897703036,0.189642345932832,0.733331164607062,"3","2"
0.165561037813991,1.00565937496378,1.29453379414624,1.90623214913058,0.862240150130869,"5","15"
0.597999933709836,-0.197705344895382,0.890566026289513,-0.324069277567272,0.0651745795338762,"19","32"
5.32774733994087,1.02415677925016,1.06097484871202,2.56437652932949,0.503001719130235,"3","33"
28.4965637115425,-0.30454076022967,-3.06227972818732,-0.0466422334205536,0.319779106088737,"4","2"
2.13739933802135,0.206527473509923,-0.592418301125059,-0.469501693009754,-1.62671948289779,"10","10"
10.2462999971941,1.04469527801763,0.620698949707138,1.1522802442486,-3.23279678011387,"3","12"
0.249677856008209,0.00521564513504179,0.549304037939548,0.640479905479374,-0.8089767987735,"1","21"
0.593834116943279,-0.135036576352931,1.66074473548884,-0.120848582963969,1.57362851021311,"4","4"
2.62755924864448,0.882488143228592,-0.185301793436307,0.760293171236745,1.82163306060257,"20","26"
6.69465313673968,-0.3449875710625,1.60081905414675,0.694011580313441,0.972903791023563,"19","34"
0.194030084875381,-1.01951030621523,1.88265428545357,-1.32111571712537,0.202428047999293,"6","6"
7.8998292778091,-0.0460227790829034,0.116616245939824,0.0747213384562777,0.613901147440925,"17","12"
0.361884834544555,1.58725169284111,0.653804254431444,1.916798279031,-1.86151520326241,"3","31"
2.4789281345912,0.085811628640523,-0.630063877915222,-0.118457829752131,0.0358038519902213,"4","35"
0.0830793095833847,0.678759277320813,1.09406725017832,0.176550241528229,-0.650912327332545,"10","38"
1.76354445187369,-0.435129508972585,-0.365233944534191,0.0515409916820845,2.50140130376782,"13","28"
0.230986236644894,-1.98703146468524,-0.613732774171764,1.32951583817034,-0.70039348850398,"6","40"
2.00185184315256,-0.02460985328532,1.00740855450493,0.741273888721763,-0.0372816730686321,"12","20"
0.909828929233148,0.092453118035089,-1.67181846882731,0.155736698865548,-0.841624245511134,"2","16"
2.59968999694041,-0.446856818085834,-1.99676200413213,0.979466784820041,-0.169028252637041,"5","18"
0.131790336189075,-0.0731473176384815,0.561460655157773,-0.885955943668566,-0.871146072815694,"13","15"
29.3896902248119,-1.41281214071448,-0.716675402515664,-0.0538039025608875,-0.525685359608359,"15","38"
3.82261138562485,1.52175999224548,0.257891990328432,-1.38079243158028,0.948512943751787,"2","18"
0.559346037732486,-1.1191629969703,-1.23191550144168,0.00237167234596754,1.13042491642672,"3","7"
3.38937922892428,-0.370696960127712,0.228784418802495,-0.265686297025292,0.647176806312944,"3","23"
1.03905527473927,0.984498527272235,-0.101857776744613,-1.88249345445807,0.108735332272503,"9","29"
2.42123096936485,-0.0728768132814022,0.503863093114177,-0.734357332249667,1.17610954056264,"5","8"
1.66873978655856,-2.00261267929004,-2.33382107325533,0.833950190865602,0.656386182369491,"18","31"
3.32246488645362,-1.03643799580147,-1.95405728676156,-0.552911666414571,-0.264267616601705,"1","15"
6.05657969550963,0.382058174063774,1.17934234530919,0.417478093414197,1.05766884814081,"15","24"
8.32841703588737,1.92258956046633,0.219607906859523,-1.18544105828788,-0.368494103194971,"5","6"
1.34880111693388,-0.336829058940017,0.190814123026109,1.25311206913949,-0.425647401336567,"7","1"
4.20615373720085,0.596312146341789,1.73728079338592,-1.99854594074529,0.390569137185111,"9","40"
1.13862310710531,-0.670306846200123,-0.92455118374699,0.505403201447582,0.0688047226632809,"11","5"
10.093481096003,0.88148571311613,-0.130342587082862,1.63734475612458,-0.118574414267289,"5","28"
10.4015633947051,0.974178173611699,-0.220266784728472,0.00795813564121596,0.283376032840315,"12","34"
32.4323279040192,0.794372112974562,-0.970592792110834,0.74382058492862,-0.446031254141529,"20","2"
2.4498161755361,-0.482504423795038,-0.735623162080853,0.0357459108552813,-1.57268709681884,"10","20"
264.777889867728,2.80489140918849,0.38310944707726,0.926246076410094,-1.31722739551802,"17","20"
0.186996713633429,-0.443842386830988,0.703885470042637,0.00055733328259075,0.905640163883412,"6","27"
0.526168279726997,0.900760806635294,0.0267915105412899,-0.867533457731953,-0.178657376716919,"14","3"
7.09082432229972,1.55774129737116,-0.246981746697343,-0.432073076093874,-2.07607342241415,"4","37"
1.42867854231729,0.243132856400835,-1.51759711611436,0.275450842543074,0.175974836909031,"2","37"
4.44689510125226,1.17767380970532,0.578653161876525,0.0956432763223825,-0.833945392669181,"17","21"
1.66995684945892,0.792919432619017,-0.452071741040168,-0.0827749645839132,-1.19299977084255,"18","6"
1.1018035745072,1.98471594457531,-1.48967036298098,-0.152352669975506,-0.319615915432997,"8","21"
0.466281024244116,-1.42816818634058,-0.316320848982429,-0.525108767472593,0.483246278734831,"14","39"
1.68372641055799,2.21113211047322,-1.31348072955989,-0.793995371948599,0.33290409935001,"5","3"
0.149118516117292,0.304465753416681,1.66879328214092,0.558276466394214,0.53923502683783,"19","17"
0.82907368249043,-0.557757033384966,0.277515330882648,-0.809778194240987,-0.504766408175946,"5","36"
0.147037713754527,-0.0319688257905867,-0.645315652926295,-0.0346786657318903,-1.42502802022583,"7","16"
2.85634606131111,1.3010135169118,0.0894919906522047,0.119920766823994,-0.630646402286395,"16","25"
0.473558477237853,-0.694047818651159,-0.863006076514538,0.0154837944403628,-0.46016231429976,"1","18"
0.0475004390959083,-1.88551041020515,-0.13582071571192,-0.795092440175449,0.10521614602561,"19","3"
1.15255120867813,-1.0507750717985,0.639542462326323,0.755558406688758,0.600622923601364,"10","37"
1.22157606316194,-0.131582049332982,0.510626306205726,1.05870767514217,0.819257377993271,"11","32"
23.4014750567633,0.991356094790576,2.79706816490954,1.28472181669603,0.511731505417949,"3","20"
2.8861735154471,-0.68181836694612,0.532921321602149,0.838641962733281,-2.22746422909403,"15","35"
4.21069961155971,-0.102731911348576,-0.386386415798229,0.997515888009471,-0.434128924501725,"7","11"
3.98372665239292,0.429323922961987,-1.26478857491793,-0.0173273201645815,0.367599063766978,"2","11"
3.88333120141645,0.12986919054116,-0.418332258337965,-0.5199828926803,-2.54854116788889,"18","1"
0.0390258336144419,-1.48296558802803,1.07235185774522,-0.927246502696887,0.0977203475933313,"7","7"
254.459801926062,1.59542566105755,1.08329559178955,0.54749726864363,0.968361526355502,"15","40"
2.12623966621756,0.745164620423125,-1.19657117108361,2.14485356104006,-0.51464822332397,"2","38"
0.0496266628878141,-0.135891902117383,1.81400813847899,-0.0762480940533866,1.62613850592053,"8","15"
1.85127145916143,1.43879930591951,-1.17319978625966,-0.024686444213181,0.369487524799691,"10","14"
0.946021956787962,0.271313417624949,-0.176548486387602,-0.861052546909821,-1.29975253506187,"19","28"
2.26704077635449,-0.265744027061492,-0.392520825008584,0.81229693871972,-0.200859562152578,"6","32"
5.96498246224536,0.677011002212713,1.15233967537863,1.22250537216858,1.68448764998858,"9","2"
1.53040818958441,-0.299790502945005,-0.832053368939499,-0.78139044451012,-0.341583664766541,"10","1"
0.0649629245974883,-0.922184847011634,2.71440178469496,-0.159766848447498,0.89413949594794,"5","38"
3.01953752964654,1.0737327059316,1.07463861883909,-0.805052695355836,0.129187678386499,"14","8"
0.366628062408272,-0.0769752285120586,0.0370917533085151,-0.347051918127422,-0.70959381569252,"2","14"
0.814866675936854,-0.137206777824747,1.03104809883381,0.476381042151466,1.72581469574472,"2","12"
4.56381881527244,0.698329244101707,-0.844678469450021,1.88880472699701,0.113365796315187,"14","9"
1.09456516187619,-0.36735731627021,-0.921444481560833,1.04193746858833,-0.197718113726102,"16","36"
1.62989524498781,0.371838054046418,0.249426469982412,0.493356054759929,-0.290412222302642,"13","22"
0.555583360771906,-0.288985961624763,-0.24592633286876,1.15156000253522,-0.475846655126583,"17","10"
1.92502128768534,-0.404830228193988,-0.337597654004535,-0.878280726656782,2.02183951959248,"20","28"
6.36409967035316,-0.343268054417128,0.0723706298506832,-0.960287124111927,1.00511170837872,"15","12"
0.128409116208096,1.20502827107893,-0.257786713491553,-0.264934752703163,0.411890949436261,"18","15"
0.0936507587991038,-0.875371186664634,0.386801277523065,1.04045310009476,-0.745954976071148,"9","31"
2.17574331102673,0.11348045122626,0.26478645935438,0.824813310849859,0.24293669379969,"18","16"
1.48046494891995,1.65913792306551,-0.88900180049844,0.610614019252106,-0.024297265406497,"7","6"
0.645071310633972,-1.25704985274336,0.815242980942373,1.10775645284743,-1.33709658574091,"1","24"
0.306310851352989,1.19931222642321,-0.93353075304081,-0.642992133185138,0.507999756753971,"11","4"
0.176064974252806,-0.857564221361163,1.62980178261239,0.0385742260061669,-0.539042292104191,"5","30"
0.496883685264172,-0.439062692547441,-0.613670434236061,-0.0831229007411441,-1.53500128928936,"16","25"
0.692738492259673,1.14458853290709,0.214573598941231,-2.1613431597081,-0.230860803884556,"18","25"
1.12926521108554,-0.0313417059671853,0.151312446881724,0.79640958188578,-0.773792963502182,"5","27"
0.60685345358943,1.08351405210302,1.953301056085,-0.789867495202416,-0.376081611330568,"1","9"
5.69107546344581,0.933695881455754,0.233372210490126,1.63151689605972,-0.232644574011443,"1","5"
0.214569238713126,-0.970070500712872,-0.642757255790125,0.0454316632153998,0.00409288230712557,"7","16"
0.1013633908586,1.66914310968477,1.71225831483385,-0.0924862525295712,0.827775730573778,"19","10"
51.6694088462057,1.49835057615233,0.729383357021128,0.885242745240529,-0.680313133735583,"2","29"
1.69153126046126,0.703325998894889,1.19571779462489,-0.0951846553845345,-0.310265122195358,"1","5"
0.393425547370031,-0.00279587967176442,0.79802001332105,-1.29811964884301,-1.42866215164429,"16","1"
1.50008993534192,-0.21949565462844,0.19781054447893,-0.590660881749281,-0.00902108706216227,"4","6"
3.43826171044793,1.67623531259954,-0.0193370728822633,-1.97432850288762,-1.47425563493408,"5","13"
13.2966953355172,-0.495080404098389,-1.01200638110383,-0.0130134128296557,0.101991360300344,"9","8"
37.537690522511,3.19063027594786,0.785167226519366,0.340924338092202,0.983235179362862,"10","4"
1.06025718005929,1.23143372602884,0.720348090000307,-1.79084706952621,-0.61394342808271,"6","19"
47.8301757272826,-0.250867411212651,-0.868045459107098,1.84079558246014,-0.949366444743431,"9","2"
1.8009834997996,0.715503575156264,0.263529865364049,-1.42615347819407,0.048445040768965,"6","28"
0.296824014188116,-0.695980682026587,-0.0761327466391095,-0.299472551229769,-0.872019560748815,"13","19"
2.24599823895682,0.428265531257078,-0.743817326211608,0.614823869808372,0.362320754284291,"1","11"
0.204378372150692,-0.281529971558054,-0.209664568215103,-0.185990300025701,-0.956397357026191,"13","27"
1.26594435559098,0.353783938629595,-0.537792798748251,0.809622551333003,0.852778485320304,"16","35"
0.11508476753971,0.47211075912386,0.315645620872169,-2.89610873351158,0.109699939742449,"5","2"
1.14756554568462,0.277582521482791,-1.6296659541905,-0.429369133775634,-1.80577676490044,"6","4"
0.650976907251737,0.335225966072809,-0.385126286255514,1.781705421283,1.2400138845293,"17","1"
6.09919332353181,0.206382111780288,-1.1352311268031,0.608276044392837,1.91973979389989,"15","8"
0.689448141404384,-0.569314498644583,-0.739707415538672,1.17363586990843,1.62049749445052,"8","16"
9.27851634642261,0.627705810589195,1.26505893732032,0.108567350351317,-0.988446501289793,"15","32"
2.22111290949882,1.7271362086067,2.17021579910786,-0.0299824037840682,-0.502106059954648,"5","22"
5.60123145257637,0.571702172491253,-0.667626233176867,0.199216603672598,-0.967677918069093,"9","25"
48.9758189586626,1.89183011099558,-1.00992896572055,0.396349632616791,-1.43710493265801,"12","29"
1.8879499538719,0.692576306026689,0.9265461754925,1.62248723848427,-1.21719894123126,"16","30"
7.9612801892681,0.164232512185556,-1.89371301080755,0.23634457225695,-1.44932642586765,"9","16"
2.66412778363558,-0.507447372049292,-1.14138390757034,1.58411496758314,1.03638468885981,"19","35"
0.61030844850015,-1.62630287674847,-0.811963746479028,-0.5180175018265,2.37855075192595,"8","26"
0.911738298065245,0.47215008646108,-0.475053243028955,-0.809307784409923,-0.621250555291793,"7","17"
0.0731889969532316,0.10852888134958,-1.38929400184422,-1.19130622617557,-0.137243129646908,"19","3"
1.66353008614712,0.177135746635333,0.438026977913474,0.743191952544306,0.982215451178099,"17","16"
0.489201847481826,-1.06398536599895,1.17613354574396,0.754099915312348,-0.665210500266194,"16","24"
0.56742666006452,0.173346194657215,-0.788903041823377,1.26023999619094,0.0425368974231849,"7","40"
1.43026716406207,-0.825438363206692,0.617066665117716,-0.0568683609765954,0.398457625901385,"17","30"
0.974259165054929,0.447896979704089,-1.59387318132144,-1.49825025196886,0.410861521460842,"4","16"
5.07669678535546,-0.878752111292137,-0.109082336780555,-0.495741346767863,-0.29478925723655,"2","11"
1.49578143164823,-0.707699584835902,0.687601643070119,-0.655218164048674,-0.0257352737083502,"9","37"
2.0147170498003,1.61818109297369,-0.191985140884319,-0.647139453451935,-1.36393327905403,"1","36"
0.299079676200819,-0.0915912061406375,1.95104328341111,-1.99538628059107,-0.192266721412868,"10","23"
3.43744294960278,-0.395322511904518,0.544902065760752,1.59171558799398,0.0845766220901898,"8","20"
2.33537020425121,-0.242084582691367,-1.3236491889163,-0.526316878195204,-1.40898657538278,"1","33"
5.1582952303105,1.02837570370653,-0.568875106399714,-0.589712841854958,-2.70102135564301,"17","32"
0.0157985813264032,0.359934302683029,1.86134473622118,-0.142483487956979,-0.756854250151147,"16","38"
0.439779684127615,0.316262534373663,1.47001991110099,1.10379657770705,0.794605625352613,"16","35"
0.986541978697165,0.210865940593625,-1.79767781884648,-0.58021956091124,-1.86173028866514,"2","16"
0.270362202964549,-0.844992583704607,-0.182089546270105,-0.662038995526489,2.24369644175444,"8","16"
1.71849062627213,-2.08584266897848,-0.869528322887466,2.54566235985494,0.406163389439421,"12","3"
0.156957941169058,-1.0708369691771,0.288774929923144,2.1542340368608,0.249738416843555,"11","38"
0.688997563231233,-0.359258193609474,-0.750642665674471,1.68919808256685,0.412462006724008,"13","33"
0.476560187643746,0.73889329349647,1.21444479906373,-0.394750017080492,-1.51969151312695,"13","14"
1.47740622778399,1.01162542499199,-0.581357292855795,0.822280447850361,-0.541379936684087,"13","22"
0.0527414766155219,0.0311106328450424,1.36857678646761,1.07110867270351,-0.127936896189228,"5","31"
1.11751787571377,-0.236489895190943,-1.42001069599451,0.646703764723667,1.08412403359716,"10","25"
0.434329168678305,-0.468607170525452,-0.252425237136147,0.329370364447165,-0.644519469503309,"11","36"
0.58886130285882,1.65213509809954,-0.13434170218682,0.40399721345458,-0.792403191903937,"4","27"
2.25131553049396,-0.676313080073293,1.57728758734697,-0.442219498939037,0.146859482134681,"15","25"
0.189459197740275,1.34479881442778,1.69810565103554,0.0596501019588833,0.570924785893199,"13","18"
1.83474169262461,-0.332262622025808,0.483979526721645,0.646857405466776,-0.787483079998488,"10","26"
30.7168102326239,1.03879876748757,-0.221671695881055,1.26329649169883,0.942754533768035,"1","29"
8.09034617556505,1.14296039119383,-1.41234139637463,-0.0814672580918428,0.902145907032258,"14","7"
0.833662748248491,-0.471093875056081,-0.101482912013135,1.967230266837,1.49611168760115,"18","32"
0.503040436961068,-1.13858906963016,-1.21236579476745,-1.1003609940579,-0.121357411337844,"16","38"
21.2512206713449,0.956305897305002,-1.71507412434272,0.828855902919837,-0.0214291880212334,"15","4"
1.33757522306714,-0.116191295828944,0.691520290294187,-0.808765202448437,0.416647208901072,"6","29"
0.451006686963188,0.68478306924859,-0.980053126036501,-0.736654296708474,0.353051486199072,"2","14"
1.04469192327853,0.338036323649853,-1.20287595529843,-1.27113596863797,-1.64593376568314,"7","18"
0.916991543620676,0.158201345779106,0.678742308516272,0.745481770471378,1.37269489402041,"16","35"
4.56651515303938,0.557739037194891,0.708997678295851,-0.350724459484518,-0.397057286069913,"8","12"
0.496310008076033,-0.445000380703291,-1.07296615953751,1.18489505997466,-0.690154292131752,"7","9"
15.8589310632767,0.742818869692882,-1.73373668646142,-0.316899666065602,-1.26992037044389,"15","14"
0.0716855204209633,-1.07377370136376,1.94179673834844,0.85710476615352,1.80148664957028,"2","30"
2.57331056125486,-0.064439572853036,0.133846647270024,-1.75713705896863,-1.27137085881423,"13","27"
0.99085085807974,-0.572050491068386,1.63126243656478,0.898066779767653,0.608799490399809,"2","22"
0.154737278861013,0.686195251996022,-0.435919838160698,0.597262014179516,-1.00869596998674,"18","3"
0.502903080218585,1.21069056768893,-1.14069154921008,-1.88192783677105,1.21046664016734,"5","9"
0.263573189486724,0.99793523058505,0.281121538487421,-1.72449431593544,0.187313286421693,"18","33"
0.414236957989056,-0.273142305023398,-0.358539400637429,-0.599589440130423,-0.349139896515274,"7","1"
1.73850011804574,-0.1624346713414,-1.22384146252347,0.278646099323872,2.00291846999128,"5","16"
5.55960334615845,-0.328677018118761,0.276756788542192,0.27145719211836,-0.429459140032991,"9","29"
0.331265363710445,-0.428163577824263,1.49213403634604,0.244763742300697,-0.666312751465289,"14","13"
0.248273101698266,-1.63117185535867,-0.216244114646793,0.787027906570141,-2.06907584660602,"8","22"
2.02920221043001,-0.218967946883774,0.482135676606472,-0.0183193806770636,-0.885367212001161,"12","20"
3.92260312841623,0.520507960304773,0.899731559795161,-0.159060546575564,-0.284411635404961,"10","7"
1.2966098852825,0.951394010080718,1.56321948304524,-0.0675483712912176,1.23636127695579,"12","11"
14.0705442788917,1.07810440042492,-1.75477737279784,-0.0322813408993477,-2.14579245475977,"4","6"
1.33396420956682,-1.32564072055842,-0.0842101605453462,-2.07646336081788,0.805180204733814,"4","23"
1.79497608032607,0.57457274041987,0.320947441139709,-0.847898289380574,-0.748427680265873,"6","9"
0.126211206124008,2.46116759261101,1.10555123723877,-0.173501129413564,-1.4250995417257,"7","11"
0.83386057819578,-1.07107667724572,0.451002203628158,-1.50933847551724,2.26970710749535,"17","23"
0.0208612716735279,-0.827584733424159,-1.75873264664086,-1.94338148628527,1.17828217725516,"10","19"
0.186427581870475,0.510898625319463,0.845345333735598,-0.0595145268394758,-1.2340633235772,"16","35"
0.162142489217453,0.0954072639932907,1.67262506531138,-0.765357166391784,-0.072574029399453,"2","18"
0.238722022925584,0.659383593133328,0.334716904539788,1.45237514845978,0.174257381372756,"18","1"
0.582883400094873,-0.968635395839624,0.694730022354704,0.203249323813044,-0.0152048030283826,"11","16"
5.41458147010414,-0.199296868422172,1.23531564662158,-0.740482824661495,0.0346504655236201,"20","12"
0.103173423611784,0.380169761777473,-0.342617059203333,1.67114237179751,-0.64803694231652,"14","14"
1.56686413369267,-0.0610705193298357,0.606250573118364,-0.455397762825574,0.0346037595315557,"12","28"
2.31099164589292,0.591412693561601,1.38879549209233,0.809924264044895,-0.591980993161836,"5","5"
4.7731523452951,-0.00436528662846855,0.162462775596622,1.18579773980022,-0.965675948734704,"7","28"
0.48917625608742,0.201994033170483,0.466095855719164,0.113119234910194,-0.250419656615746,"16","5"
0.832201532939884,-0.351010881870366,-0.126479182357286,-0.792821123531183,-1.45468447655806,"3","18"
0.263816902705432,-0.664708728602511,-1.56981488845356,-1.69098638292469,0.0448431834022631,"1","16"
0.511648517381624,0.547189235672615,-0.603987259796563,-0.109285695889283,-1.20076213736885,"18","5"
3.84313878626083,0.291693446947169,-1.2074104842544,-0.601651512043906,1.07809005334145,"9","37"
0.0877634321901985,1.23154428848736,1.07762051746955,0.0804198742889459,-0.298440456891846,"19","32"
1.51588264020576,0.369554660460937,-1.76159373221103,-1.85266095684002,1.18660712580161,"16","27"
0.38638234114012,-0.931311772326592,0.458664942592651,-0.127164949808699,-0.436417621803591,"19","17"
7.39870742061044,-0.192363085242004,0.50265188599829,-0.328979431467991,2.59548366926991,"1","34"
0.0623952605090006,-0.944528038069116,0.494921021866083,-1.19448687146024,2.53204026833338,"19","16"
11.4881844273752,0.872211732241412,-1.45175076490036,0.669656205214482,0.137400725683271,"6","25"
1.60620856297958,-0.500482071900227,-0.944894870791454,0.42214989313629,-0.0576334551710914,"1","16"
10.0653665533341,0.67994586848763,-0.511730374330214,0.127017969444173,1.06454283785375,"13","39"
0.360366120513153,-1.04452801028285,-0.255215147198418,0.813020984747253,-2.43924358861499,"16","18"
1.07847496130427,0.133364113382716,1.03990940628592,-0.221455764009888,-0.548430861177431,"16","16"
1.93424340300742,-0.124068930525127,1.63211632841502,-0.762807782978158,1.30490771508482,"9","11"
92.9601589931139,1.7434849075535,-0.390628620655857,1.13202317308193,-0.949298136226902,"10","40"
0.562890412937941,-0.994773916302358,0.504370736278863,-0.662766029266176,1.48569387447845,"9","16"
4.76469768399016,1.12924054542557,1.17302191935399,-0.0145626250935775,1.01699351171226,"20","9"
0.506029303561928,0.0496436079964701,-0.523200176776455,0.345581709523254,-0.295309578183085,"3","24"
1.43350435567922,1.06903001695973,-1.52812279474728,-1.01771643495207,-0.934021013349307,"1","23"
6.37908134957044,0.173716028125053,1.58137211015189,0.86457357569522,0.654977835140043,"17","25"
0.618831855215957,-0.873609233879349,-0.592678075965167,-0.0422326210876551,0.270038547101041,"5","15"
2.46384244824618,0.815939064096544,-0.421218401296937,-1.0099410958491,1.61781982408505,"17","28"
2.74763234565561,-1.44800801162519,0.742661832997829,-0.394876216369406,-1.39439855744925,"6","15"
0.736210251897668,0.250403231853399,1.62847681199326,1.44881342185155,0.54726877488874,"7","7"
1.06068524150107,-0.295834991748406,-0.486759239775453,2.07831111665386,0.982647499400804,"1","16"
23.1362567347227,1.78281106971041,0.339327632880115,-1.45168806587004,0.394748302356086,"9","7"
2.80646067566575,0.647527480524952,-1.53796819919912,-1.20053082453756,0.863607626716556,"8","18"
1.94457914968865,-0.874310775399599,-0.788651370023918,1.02330778529368,0.177169745466718,"8","32"
0.975921697760619,-0.632059663505529,0.499225892233309,1.55410261153946,0.318466001779711,"4","33"
14.7742328624624,0.792088899620296,-0.122723778528471,0.72989238885673,1.9895218881909,"15","9"
0.396700027433589,-0.162184944289584,-2.63051077781426,-0.541653877121801,0.308437250725522,"4","37"
12.0724833990496,-0.0313307919465999,0.284774756850847,-0.776349406499594,-0.688577345936092,"15","35"
0.0196448039600132,-1.49119309896672,3.13103376639585,-2.2253772545165,0.15477955360113,"7","13"
0.220455025932266,-0.0589706374874988,0.688664482105404,-0.1984001509499,-1.26827585106522,"6","15"
1.79253217516544,0.463982030735647,0.240498268587616,0.0097215278007047,1.34333480406447,"1","11"
0.262138528856644,1.50143350106195,1.7165447815182,1.47652411333244,1.88357676429298,"11","8"
1.21085717615439,-0.981853817835812,-0.221402220811839,-1.16089254724826,0.0256893450574712,"1","17"
0.639264896501405,0.0553574360707753,-1.22109597612887,0.187336200378265,0.528306464283848,"17","9"
3.01698633544001,0.316245583412022,0.268838369087146,0.59605041721259,-1.75154766974271,"7","9"
3.68168056366477,2.05813341421407,-0.955992117393625,0.262323530356099,-0.00029020420081856,"5","39"
0.35349159213605,-2.10232466642899,0.303292980416177,0.0825470260067026,1.74185930435389,"6","9"
7.35448772733872,-0.990062668491495,-0.438570048289033,0.12749495953809,-0.819075097677207,"9","32"
3.06093102638762,0.530668646740806,-1.03255522360821,0.76084482312436,-1.97694461150185,"9","36"
78.1527940926578,2.37094448384483,-0.273072213578268,0.310933730459955,-0.356377048656412,"1","20"
87.383135935492,1.32763031979348,1.9102238625904,1.22977439591597,-1.46687415785903,"14","4"
0.370883228824469,-0.821029805442457,0.867849778691862,0.769238218457325,0.503880412844476,"19","35"
0.547642412253571,0.166639188002596,0.541089056958573,0.138804876862695,1.81352893396894,"12","35"
2.30037849964043,-0.483002108518121,1.04264922112663,-1.31117700586879,0.212792933922526,"15","13"
0.437540132798129,-0.493748664685363,0.0480878489545987,1.52243283641055,-0.0264549024073431,"11","25"
1.75658266144415,0.841533583296738,1.0686001789856,0.769513292048004,1.64147281419247,"15","7"
3.26875954588613,-0.881019151223557,0.845963567431898,-1.58709705395193,-1.18424789912498,"6","32"
4.20550443548443,0.492775937688117,0.132364665263985,0.56486402910751,0.224880228098953,"5","37"
0.063129631620165,0.907287062066573,1.17533721734379,1.3186898562086,1.70675563538227,"17","10"
3.27829065482294,1.53215792849988,-2.06804224540535,0.381225838812594,0.672534722331454,"6","38"
1.28559262895341,0.0462198714030056,0.685394167148429,-0.0110657502010079,-1.64146039284265,"11","37"
0.437640866119923,-0.221719052136279,0.669478422944278,1.17502882855305,-0.626143693644764,"17","17"
4.54478776451778,0.365127029262572,-1.59116858058996,-1.33112955464492,-0.020868079643566,"16","26"
0.298330320987633,-0.640092485530294,1.65389399086397,-0.234591837433459,-1.96855341473404,"2","37"
4.61096420317456,-0.780421799800485,1.39887377802335,-0.630379782941537,-1.63945274571528,"15","30"
0.383640806960329,-0.683186200653217,0.726735640806302,0.312004600516933,0.347686124618978,"16","17"
6.83720915309557,0.143542044571873,-1.03938658317287,0.43798258180472,0.508352742072949,"8","26"
0.748507336284466,-1.69237115372455,1.43029717903957,1.73467037520314,0.624347472774012,"1","6"
0.599894419325889,-1.14978293757916,-0.761545978165973,1.09816891583697,-0.597702825129717,"7","13"
0.63039894104579,-1.55514053641978,0.389558333728029,-0.300566600630006,1.12812899309235,"11","12"
0.183233055978351,0.115851595896673,0.111549603893185,-0.263253215748718,-0.781435135053021,"11","39"
0.178803806704056,-0.75500427905529,0.545241511296725,-0.882541727209173,-2.14621021158197,"9","14"
1.48012996389704,-0.219827544407722,-0.318804415301296,0.347406253253608,-0.995781159203397,"2","32"
0.706585762274978,0.296828252805376,1.33842472336581,-0.493190936819711,0.251070334500579,"3","12"
0.0541982752242599,-0.0572259717460095,0.0387926352966256,-2.64100793701549,1.9016526958492,"6","33"
1.1823654179018,0.555219144158601,0.712627443910537,0.473691279182711,-0.232188093830219,"1","26"
3.2468915927992,1.46221634157593,-0.0409022843238247,1.21228824360213,0.795842405429535,"20","18"
0.694528723109468,0.442072112123502,-0.221070189402245,-0.478828410364333,1.43707974994313,"12","7"
28.9585661073064,-0.0911951580018469,-2.41466150367479,-1.44080547569145,0.566859464019368,"15","2"
21.8650471956813,1.95878844689557,0.00988630096783862,0.16690125407254,-0.0753506248518898,"15","26"
1.25903394518028,0.202921133815781,-0.39886644254723,0.115543881480632,0.764605474452174,"3","10"
0.194134910932683,-0.801890421695342,-1.05812189846745,0.412764844302616,-0.662481472951821,"13","36"
4.92500096040882,-0.408421526585658,-1.32184946932477,-0.082687042246671,0.569665281917941,"9","38"
4.36850406654633,-1.16456360043054,0.465098576614227,-0.167187603152131,1.08303766177254,"8","40"
0.294301751782089,-1.19439074843128,0.719452280805647,-0.966612233496247,1.01410747085618,"9","10"
0.427703116124811,0.509960879037171,-0.288664190502146,1.09980426806726,-1.38536242982574,"11","21"
0.318621447591181,0.680351702715456,1.20169544350745,0.616791267900235,-0.783608231327184,"11","21"
1.43888908053644,-0.823225250859954,-0.803020197419894,-1.32751424799829,0.322328630782212,"3","7"
0.938304552320985,0.179480966927969,0.274420008820199,0.340280244323675,-0.160948472574928,"16","7"
1.05888884857889,0.479714844548134,0.0474682456636378,0.0404998290996942,0.0589682986450755,"8","36"
0.0732165427423693,-0.781963106344856,0.16348347130143,0.86621171009888,-0.292964295231947,"16","35"
0.0342356143631567,1.6292234966498,0.736933588337281,0.740301767236848,-0.0124203211066944,"10","15"
0.501343921919261,-1.19320162145547,0.764888835211914,1.10155814566909,-1.20675576813976,"17","31"
15.9216703919394,-0.329144481039165,0.965823073971459,-1.03516478445861,0.483356453149243,"17","34"
1.60155320080395,-0.334677060961862,-0.413874410602337,-0.0330792396577681,0.0816825653994004,"6","29"
0.681910125618338,-0.508239399855684,0.847379234934883,-1.03609692564798,0.136521643550744,"8","23"
2.22203708036884,1.05391418723733,0.0130830159207386,0.0184924129893995,-0.682921016305672,"3","15"
1.38910912457957,1.04705471442229,0.251469597409383,0.731453230879676,0.26713762876983,"19","12"
0.230010681994524,-0.77185115777415,1.20297582680062,1.84289727564034,0.139980364013736,"5","38"
0.239630616213054,-1.21654821939899,0.409641341332966,0.0499503808847231,-0.391127440601554,"7","18"
0.661916201657166,-0.274321805096752,-0.665336126064729,-0.325298295857722,0.394386039890848,"2","38"
1.87444198431568,1.70959445093839,-0.117868903163778,-0.614400045340943,2.52683730321398,"6","33"
0.694630031582421,-0.782151645341384,0.307382969817465,0.036330361627673,0.108571146454492,"12","10"
0.200304908568945,-0.88668146836685,1.05839252132154,-0.881411582168033,-0.0705741842868932,"2","31"
1.18617734437066,-0.74892631692907,-0.727507308331226,-1.78788606909762,0.447203179539512,"18","35"
5.82678400817249,-0.789236362052681,1.04988868656718,1.63980921839124,0.760957413589432,"10","6"
0.318447758673493,-0.553697659302416,2.82750528170587,1.32872182229214,0.212180871047119,"3","32"
0.0896617224376204,-0.22902319514911,-0.797324644310275,1.24889180000637,-0.0681311197477258,"19","31"
0.304590868552892,0.0797136779166719,-0.892787684377777,0.161067114473384,0.0400969628545008,"11","3"
1.58283278443094,-0.373044161450379,0.941373265779209,0.916463148253349,-1.2784188229035,"9","16"
8.41416103595796,0.439270849570793,-0.34530200575965,0.56020483861101,-0.636352441231301,"6","7"
0.140404943521705,0.914034148170107,-0.129702639369704,0.42059033038145,0.548882365030198,"2","12"
6.96722085782918,2.37052219169902,-0.652971349957997,0.158262519760881,-1.17120926308435,"19","30"
1.7368438258392,0.631653756982081,1.06677301109974,0.379146154262136,0.531719037799402,"19","21"
1.86856756924142,-0.466766327838459,-0.509240492468708,-0.289365166722808,-1.0322467906517,"15","14"
0.182537910492928,-1.87516419526416,0.733414779430869,0.969667023103409,1.4451771381713,"8","10"
0.105999829314277,-0.129570605232108,1.07222835001121,1.55831390299657,1.09207274260045,"8","1"
0.73473325367674,-1.23944994240242,-0.469786844564415,-0.0249793443845685,-0.185745023711182,"2","27"
41.3599176049379,0.824629142054475,1.0325893877604,0.718773361519491,0.330394883377942,"4","29"
7.94009474399951,1.33643666640129,-0.0621061187149629,2.72985761051273,-0.888610048703078,"11","18"
0.201004588312287,-0.0264557664201973,1.08384139167956,-1.40616803037722,0.0238553409808442,"12","38"
3.39543201902058,-0.712223700099626,-0.524092355095181,-0.266915491840613,1.75161115644333,"2","39"
1.86109397280807,-0.0589751700361269,-1.02413954604567,0.813150044533017,0.784001067100808,"20","23"
9.27704553593236,0.326090080254242,-1.00436582928343,1.49721592056186,-1.10050777735065,"14","36"
0.0872657648627635,-1.47145173605373,-1.09543484947151,0.159051787539981,0.696677760890054,"11","10"
0.598434884846265,-0.0786883079228347,-0.548771749218032,0.509234251928081,0.710851027905408,"5","21"
1.39399736001277,-1.47894175331018,-0.611690384254452,0.262162395508893,-1.35815354863797,"10","35"
7.84444638472516,1.32545672081981,-0.30726802441894,2.96923312733688,0.173832888359464,"5","33"
0.390388027510042,-1.61640821289861,-0.765239654413807,-2.01552105505919,0.422079282098997,"5","8"
2.46373729039952,-0.797760889385686,-0.119454304187122,1.94243644662235,0.936094011672195,"17","16"
0.771744156254986,-0.50010753944794,0.480485137278744,-0.543002229137684,0.440568391515799,"15","22"
0.121878906312107,-0.348223574625817,1.51260340934186,-0.129424190279105,-0.373049194641302,"4","3"
0.593911605334278,0.188691273390059,-2.82498652871202,0.820789004812262,-0.332141615488362,"2","27"
1.62242794227401,0.0543530605325669,-1.58671847327583,0.0483494170265761,-0.238349986565644,"7","8"
0.359459069351109,0.00311644056240844,0.198506015537106,-0.673871789112306,-0.221607421993292,"14","27"
12.6484095430783,-1.90226396790008,0.402909430490253,1.40486248993889,-0.269013515716699,"12","32"
2.22825389701571,-1.11966260414537,-0.863628494833962,-0.986068780006844,-0.893817834027971,"15","16"
3.0573138852373,-1.00825987125763,-2.63453997235816,0.688954195897587,-0.432571503420373,"9","27"
0.114604999670822,-0.617776736160104,-0.286930682787904,-0.276760396814553,-0.254957029924027,"3","21"
0.173040478186514,0.464373278130504,-0.180407407287564,-1.10549854217485,0.126238914161931,"6","24"
0.134453944594454,0.564827328221677,2.70912935048229,1.07874526180929,-2.2251105519713,"12","27"
0.219263446036627,0.239212866057224,-0.193010713100524,0.711647923566364,0.262233179984692,"16","13"
0.0924831220537497,-2.20929682232294,1.76870951511273,0.225859602651472,0.757225461411035,"1","24"
0.0598229316352093,-1.6228848768399,0.401740696543952,-2.04995970957589,0.222708544656955,"13","10"
0.29425611356125,-1.14200952605898,-0.526988708238083,0.337922420894372,2.35460709311888,"6","23"
1.32582245530703,0.657105416462922,0.475813486739496,-0.38011230636507,0.3102019573458,"4","1"
0.0906041322541159,0.492856196569123,-0.172918966033975,0.78468243483789,0.448956520514331,"10","31"
0.343203100746025,0.565806657218981,0.114824093079286,-0.249634234783438,-0.936746960706125,"14","16"
1.18573847666904,1.67318762326321,1.54120522409292,-0.334275426724408,-0.520757262113005,"4","14"
20.6835563295696,0.584250248244435,-2.49139928758229,1.90131402229248,0.361591407926496,"2","5"
